<?xml version="1.0" encoding="UTF-8"?>
<spirit:component xmlns:xilinx="http://www.xilinx.com" xmlns:spirit="http://www.spiritconsortium.org/XMLSchema/SPIRIT/1685-2009" xmlns:xsi="http://www.w3.org/2001/XMLSchema-instance">
  <spirit:vendor>xilinx.com</spirit:vendor>
  <spirit:library>user</spirit:library>
  <spirit:name>Ultrasonic</spirit:name>
  <spirit:version>1.0</spirit:version>
  <spirit:busInterfaces>
    <spirit:busInterface>
      <spirit:name>S00_AXI</spirit:name>
      <spirit:busType spirit:vendor="xilinx.com" spirit:library="interface" spirit:name="aximm" spirit:version="1.0"/>
      <spirit:abstractionType spirit:vendor="xilinx.com" spirit:library="interface" spirit:name="aximm_rtl" spirit:version="1.0"/>
      <spirit:slave>
        <spirit:memoryMapRef spirit:memoryMapRef="S00_AXI"/>
      </spirit:slave>
      <spirit:portMaps>
        <spirit:portMap>
          <spirit:logicalPort>
            <spirit:name>AWADDR</spirit:name>
          </spirit:logicalPort>
          <spirit:physicalPort>
            <spirit:name>s00_axi_awaddr</spirit:name>
          </spirit:physicalPort>
        </spirit:portMap>
        <spirit:portMap>
          <spirit:logicalPort>
            <spirit:name>AWPROT</spirit:name>
          </spirit:logicalPort>
          <spirit:physicalPort>
            <spirit:name>s00_axi_awprot</spirit:name>
          </spirit:physicalPort>
        </spirit:portMap>
        <spirit:portMap>
          <spirit:logicalPort>
            <spirit:name>AWVALID</spirit:name>
          </spirit:logicalPort>
          <spirit:physicalPort>
            <spirit:name>s00_axi_awvalid</spirit:name>
          </spirit:physicalPort>
        </spirit:portMap>
        <spirit:portMap>
          <spirit:logicalPort>
            <spirit:name>AWREADY</spirit:name>
          </spirit:logicalPort>
          <spirit:physicalPort>
            <spirit:name>s00_axi_awready</spirit:name>
          </spirit:physicalPort>
        </spirit:portMap>
        <spirit:portMap>
          <spirit:logicalPort>
            <spirit:name>WDATA</spirit:name>
          </spirit:logicalPort>
          <spirit:physicalPort>
            <spirit:name>s00_axi_wdata</spirit:name>
          </spirit:physicalPort>
        </spirit:portMap>
        <spirit:portMap>
          <spirit:logicalPort>
            <spirit:name>WSTRB</spirit:name>
          </spirit:logicalPort>
          <spirit:physicalPort>
            <spirit:name>s00_axi_wstrb</spirit:name>
          </spirit:physicalPort>
        </spirit:portMap>
        <spirit:portMap>
          <spirit:logicalPort>
            <spirit:name>WVALID</spirit:name>
          </spirit:logicalPort>
          <spirit:physicalPort>
            <spirit:name>s00_axi_wvalid</spirit:name>
          </spirit:physicalPort>
        </spirit:portMap>
        <spirit:portMap>
          <spirit:logicalPort>
            <spirit:name>WREADY</spirit:name>
          </spirit:logicalPort>
          <spirit:physicalPort>
            <spirit:name>s00_axi_wready</spirit:name>
          </spirit:physicalPort>
        </spirit:portMap>
        <spirit:portMap>
          <spirit:logicalPort>
            <spirit:name>BRESP</spirit:name>
          </spirit:logicalPort>
          <spirit:physicalPort>
            <spirit:name>s00_axi_bresp</spirit:name>
          </spirit:physicalPort>
        </spirit:portMap>
        <spirit:portMap>
          <spirit:logicalPort>
            <spirit:name>BVALID</spirit:name>
          </spirit:logicalPort>
          <spirit:physicalPort>
            <spirit:name>s00_axi_bvalid</spirit:name>
          </spirit:physicalPort>
        </spirit:portMap>
        <spirit:portMap>
          <spirit:logicalPort>
            <spirit:name>BREADY</spirit:name>
          </spirit:logicalPort>
          <spirit:physicalPort>
            <spirit:name>s00_axi_bready</spirit:name>
          </spirit:physicalPort>
        </spirit:portMap>
        <spirit:portMap>
          <spirit:logicalPort>
            <spirit:name>ARADDR</spirit:name>
          </spirit:logicalPort>
          <spirit:physicalPort>
            <spirit:name>s00_axi_araddr</spirit:name>
          </spirit:physicalPort>
        </spirit:portMap>
        <spirit:portMap>
          <spirit:logicalPort>
            <spirit:name>ARPROT</spirit:name>
          </spirit:logicalPort>
          <spirit:physicalPort>
            <spirit:name>s00_axi_arprot</spirit:name>
          </spirit:physicalPort>
        </spirit:portMap>
        <spirit:portMap>
          <spirit:logicalPort>
            <spirit:name>ARVALID</spirit:name>
          </spirit:logicalPort>
          <spirit:physicalPort>
            <spirit:name>s00_axi_arvalid</spirit:name>
          </spirit:physicalPort>
        </spirit:portMap>
        <spirit:portMap>
          <spirit:logicalPort>
            <spirit:name>ARREADY</spirit:name>
          </spirit:logicalPort>
          <spirit:physicalPort>
            <spirit:name>s00_axi_arready</spirit:name>
          </spirit:physicalPort>
        </spirit:portMap>
        <spirit:portMap>
          <spirit:logicalPort>
            <spirit:name>RDATA</spirit:name>
          </spirit:logicalPort>
          <spirit:physicalPort>
            <spirit:name>s00_axi_rdata</spirit:name>
          </spirit:physicalPort>
        </spirit:portMap>
        <spirit:portMap>
          <spirit:logicalPort>
            <spirit:name>RRESP</spirit:name>
          </spirit:logicalPort>
          <spirit:physicalPort>
            <spirit:name>s00_axi_rresp</spirit:name>
          </spirit:physicalPort>
        </spirit:portMap>
        <spirit:portMap>
          <spirit:logicalPort>
            <spirit:name>RVALID</spirit:name>
          </spirit:logicalPort>
          <spirit:physicalPort>
            <spirit:name>s00_axi_rvalid</spirit:name>
          </spirit:physicalPort>
        </spirit:portMap>
        <spirit:portMap>
          <spirit:logicalPort>
            <spirit:name>RREADY</spirit:name>
          </spirit:logicalPort>
          <spirit:physicalPort>
            <spirit:name>s00_axi_rready</spirit:name>
          </spirit:physicalPort>
        </spirit:portMap>
      </spirit:portMaps>
      <spirit:parameters>
        <spirit:parameter>
          <spirit:name>WIZ_DATA_WIDTH</spirit:name>
          <spirit:value spirit:format="long" spirit:id="BUSIFPARAM_VALUE.S00_AXI.WIZ_DATA_WIDTH" spirit:choiceRef="choice_list_6fc15197">32</spirit:value>
        </spirit:parameter>
        <spirit:parameter>
          <spirit:name>WIZ_NUM_REG</spirit:name>
          <spirit:value spirit:format="long" spirit:id="BUSIFPARAM_VALUE.S00_AXI.WIZ_NUM_REG" spirit:minimum="4" spirit:maximum="512" spirit:rangeType="long">4</spirit:value>
        </spirit:parameter>
        <spirit:parameter>
          <spirit:name>SUPPORTS_NARROW_BURST</spirit:name>
          <spirit:value spirit:format="long" spirit:id="BUSIFPARAM_VALUE.S00_AXI.SUPPORTS_NARROW_BURST" spirit:choiceRef="choice_pairs_ce1226b1">0</spirit:value>
        </spirit:parameter>
      </spirit:parameters>
    </spirit:busInterface>
    <spirit:busInterface>
      <spirit:name>S00_AXI_RST</spirit:name>
      <spirit:busType spirit:vendor="xilinx.com" spirit:library="signal" spirit:name="reset" spirit:version="1.0"/>
      <spirit:abstractionType spirit:vendor="xilinx.com" spirit:library="signal" spirit:name="reset_rtl" spirit:version="1.0"/>
      <spirit:slave/>
      <spirit:portMaps>
        <spirit:portMap>
          <spirit:logicalPort>
            <spirit:name>RST</spirit:name>
          </spirit:logicalPort>
          <spirit:physicalPort>
            <spirit:name>s00_axi_aresetn</spirit:name>
          </spirit:physicalPort>
        </spirit:portMap>
      </spirit:portMaps>
      <spirit:parameters>
        <spirit:parameter>
          <spirit:name>POLARITY</spirit:name>
          <spirit:value spirit:id="BUSIFPARAM_VALUE.S00_AXI_RST.POLARITY" spirit:choiceRef="choice_list_9d8b0d81">ACTIVE_LOW</spirit:value>
        </spirit:parameter>
      </spirit:parameters>
    </spirit:busInterface>
    <spirit:busInterface>
      <spirit:name>S00_AXI_CLK</spirit:name>
      <spirit:busType spirit:vendor="xilinx.com" spirit:library="signal" spirit:name="clock" spirit:version="1.0"/>
      <spirit:abstractionType spirit:vendor="xilinx.com" spirit:library="signal" spirit:name="clock_rtl" spirit:version="1.0"/>
      <spirit:slave/>
      <spirit:portMaps>
        <spirit:portMap>
          <spirit:logicalPort>
            <spirit:name>CLK</spirit:name>
          </spirit:logicalPort>
          <spirit:physicalPort>
            <spirit:name>s00_axi_aclk</spirit:name>
          </spirit:physicalPort>
        </spirit:portMap>
      </spirit:portMaps>
      <spirit:parameters>
        <spirit:parameter>
          <spirit:name>ASSOCIATED_BUSIF</spirit:name>
          <spirit:value spirit:id="BUSIFPARAM_VALUE.S00_AXI_CLK.ASSOCIATED_BUSIF">S00_AXI</spirit:value>
        </spirit:parameter>
        <spirit:parameter>
          <spirit:name>ASSOCIATED_RESET</spirit:name>
          <spirit:value spirit:id="BUSIFPARAM_VALUE.S00_AXI_CLK.ASSOCIATED_RESET">s00_axi_aresetn</spirit:value>
        </spirit:parameter>
      </spirit:parameters>
    </spirit:busInterface>
  </spirit:busInterfaces>
  <spirit:memoryMaps>
    <spirit:memoryMap>
      <spirit:name>S00_AXI</spirit:name>
      <spirit:addressBlock>
        <spirit:name>S00_AXI_reg</spirit:name>
        <spirit:baseAddress spirit:format="long" spirit:resolve="user">0</spirit:baseAddress>
        <spirit:range spirit:format="long">4096</spirit:range>
        <spirit:width spirit:format="long">32</spirit:width>
        <spirit:usage>register</spirit:usage>
        <spirit:parameters>
          <spirit:parameter>
            <spirit:name>OFFSET_BASE_PARAM</spirit:name>
            <spirit:value spirit:id="ADDRBLOCKPARAM_VALUE.S00_AXI.S00_AXI_REG.OFFSET_BASE_PARAM">C_S00_AXI_BASEADDR</spirit:value>
          </spirit:parameter>
          <spirit:parameter>
            <spirit:name>OFFSET_HIGH_PARAM</spirit:name>
            <spirit:value spirit:id="ADDRBLOCKPARAM_VALUE.S00_AXI.S00_AXI_REG.OFFSET_HIGH_PARAM">C_S00_AXI_HIGHADDR</spirit:value>
          </spirit:parameter>
        </spirit:parameters>
      </spirit:addressBlock>
    </spirit:memoryMap>
  </spirit:memoryMaps>
  <spirit:model>
    <spirit:views>
      <spirit:view>
        <spirit:name>xilinx_verilogsynthesis</spirit:name>
        <spirit:displayName>Verilog Synthesis</spirit:displayName>
        <spirit:envIdentifier>verilogSource:vivado.xilinx.com:synthesis</spirit:envIdentifier>
        <spirit:language>verilog</spirit:language>
        <spirit:modelName>Ultrasonic_v1_0</spirit:modelName>
        <spirit:fileSetRef>
          <spirit:localName>xilinx_verilogsynthesis_view_fileset</spirit:localName>
        </spirit:fileSetRef>
        <spirit:parameters>
          <spirit:parameter>
            <spirit:name>viewChecksum</spirit:name>
            <spirit:value>00d22887</spirit:value>
          </spirit:parameter>
        </spirit:parameters>
      </spirit:view>
      <spirit:view>
        <spirit:name>xilinx_verilogbehavioralsimulation</spirit:name>
        <spirit:displayName>Verilog Simulation</spirit:displayName>
        <spirit:envIdentifier>verilogSource:vivado.xilinx.com:simulation</spirit:envIdentifier>
        <spirit:language>verilog</spirit:language>
        <spirit:modelName>Ultrasonic_v1_0</spirit:modelName>
        <spirit:fileSetRef>
          <spirit:localName>xilinx_verilogbehavioralsimulation_view_fileset</spirit:localName>
        </spirit:fileSetRef>
        <spirit:parameters>
          <spirit:parameter>
            <spirit:name>viewChecksum</spirit:name>
            <spirit:value>00d22887</spirit:value>
          </spirit:parameter>
        </spirit:parameters>
      </spirit:view>
      <spirit:view>
        <spirit:name>xilinx_softwaredriver</spirit:name>
        <spirit:displayName>Software Driver</spirit:displayName>
        <spirit:envIdentifier>:vivado.xilinx.com:sw.driver</spirit:envIdentifier>
        <spirit:fileSetRef>
          <spirit:localName>xilinx_softwaredriver_view_fileset</spirit:localName>
        </spirit:fileSetRef>
        <spirit:parameters>
          <spirit:parameter>
            <spirit:name>viewChecksum</spirit:name>
            <spirit:value>d6df409e</spirit:value>
          </spirit:parameter>
        </spirit:parameters>
      </spirit:view>
      <spirit:view>
        <spirit:name>xilinx_xpgui</spirit:name>
        <spirit:displayName>UI Layout</spirit:displayName>
        <spirit:envIdentifier>:vivado.xilinx.com:xgui.ui</spirit:envIdentifier>
        <spirit:fileSetRef>
          <spirit:localName>xilinx_xpgui_view_fileset</spirit:localName>
        </spirit:fileSetRef>
        <spirit:parameters>
          <spirit:parameter>
            <spirit:name>viewChecksum</spirit:name>
            <spirit:value>0e5443b4</spirit:value>
          </spirit:parameter>
        </spirit:parameters>
      </spirit:view>
      <spirit:view>
        <spirit:name>bd_tcl</spirit:name>
        <spirit:displayName>Block Diagram</spirit:displayName>
        <spirit:envIdentifier>:vivado.xilinx.com:block.diagram</spirit:envIdentifier>
        <spirit:fileSetRef>
          <spirit:localName>bd_tcl_view_fileset</spirit:localName>
        </spirit:fileSetRef>
        <spirit:parameters>
          <spirit:parameter>
            <spirit:name>viewChecksum</spirit:name>
            <spirit:value>16328387</spirit:value>
          </spirit:parameter>
        </spirit:parameters>
      </spirit:view>
    </spirit:views>
    <spirit:ports>
      <spirit:port>
        <spirit:name>Ultra_trig</spirit:name>
        <spirit:wire>
          <spirit:direction>out</spirit:direction>
          <spirit:wireTypeDefs>
            <spirit:wireTypeDef>
              <spirit:typeName>wire</spirit:typeName>
              <spirit:viewNameRef>xilinx_verilogsynthesis</spirit:viewNameRef>
              <spirit:viewNameRef>xilinx_verilogbehavioralsimulation</spirit:viewNameRef>
            </spirit:wireTypeDef>
          </spirit:wireTypeDefs>
        </spirit:wire>
      </spirit:port>
      <spirit:port>
        <spirit:name>Ultra_echo</spirit:name>
        <spirit:wire>
          <spirit:direction>in</spirit:direction>
          <spirit:wireTypeDefs>
            <spirit:wireTypeDef>
              <spirit:typeName>wire</spirit:typeName>
              <spirit:viewNameRef>xilinx_verilogsynthesis</spirit:viewNameRef>
              <spirit:viewNameRef>xilinx_verilogbehavioralsimulation</spirit:viewNameRef>
            </spirit:wireTypeDef>
          </spirit:wireTypeDefs>
        </spirit:wire>
      </spirit:port>
      <spirit:port>
        <spirit:name>s00_axi_aclk</spirit:name>
        <spirit:wire>
          <spirit:direction>in</spirit:direction>
          <spirit:wireTypeDefs>
            <spirit:wireTypeDef>
              <spirit:typeName>wire</spirit:typeName>
              <spirit:viewNameRef>xilinx_verilogsynthesis</spirit:viewNameRef>
              <spirit:viewNameRef>xilinx_verilogbehavioralsimulation</spirit:viewNameRef>
            </spirit:wireTypeDef>
          </spirit:wireTypeDefs>
        </spirit:wire>
      </spirit:port>
      <spirit:port>
        <spirit:name>s00_axi_aresetn</spirit:name>
        <spirit:wire>
          <spirit:direction>in</spirit:direction>
          <spirit:wireTypeDefs>
            <spirit:wireTypeDef>
              <spirit:typeName>wire</spirit:typeName>
              <spirit:viewNameRef>xilinx_verilogsynthesis</spirit:viewNameRef>
              <spirit:viewNameRef>xilinx_verilogbehavioralsimulation</spirit:viewNameRef>
            </spirit:wireTypeDef>
          </spirit:wireTypeDefs>
        </spirit:wire>
      </spirit:port>
      <spirit:port>
        <spirit:name>s00_axi_awaddr</spirit:name>
        <spirit:wire>
          <spirit:direction>in</spirit:direction>
          <spirit:vector>
            <spirit:left spirit:format="long" spirit:resolve="dependent" spirit:dependency="(spirit:decode(id(&apos;MODELPARAM_VALUE.C_S00_AXI_ADDR_WIDTH&apos;)) - 1)">3</spirit:left>
            <spirit:right spirit:format="long">0</spirit:right>
          </spirit:vector>
          <spirit:wireTypeDefs>
            <spirit:wireTypeDef>
              <spirit:typeName>wire</spirit:typeName>
              <spirit:viewNameRef>xilinx_verilogsynthesis</spirit:viewNameRef>
              <spirit:viewNameRef>xilinx_verilogbehavioralsimulation</spirit:viewNameRef>
            </spirit:wireTypeDef>
          </spirit:wireTypeDefs>
        </spirit:wire>
      </spirit:port>
      <spirit:port>
        <spirit:name>s00_axi_awprot</spirit:name>
        <spirit:wire>
          <spirit:direction>in</spirit:direction>
          <spirit:vector>
            <spirit:left spirit:format="long">2</spirit:left>
            <spirit:right spirit:format="long">0</spirit:right>
          </spirit:vector>
          <spirit:wireTypeDefs>
            <spirit:wireTypeDef>
              <spirit:typeName>wire</spirit:typeName>
              <spirit:viewNameRef>xilinx_verilogsynthesis</spirit:viewNameRef>
              <spirit:viewNameRef>xilinx_verilogbehavioralsimulation</spirit:viewNameRef>
            </spirit:wireTypeDef>
          </spirit:wireTypeDefs>
        </spirit:wire>
      </spirit:port>
      <spirit:port>
        <spirit:name>s00_axi_awvalid</spirit:name>
        <spirit:wire>
          <spirit:direction>in</spirit:direction>
          <spirit:wireTypeDefs>
            <spirit:wireTypeDef>
              <spirit:typeName>wire</spirit:typeName>
              <spirit:viewNameRef>xilinx_verilogsynthesis</spirit:viewNameRef>
              <spirit:viewNameRef>xilinx_verilogbehavioralsimulation</spirit:viewNameRef>
            </spirit:wireTypeDef>
          </spirit:wireTypeDefs>
        </spirit:wire>
      </spirit:port>
      <spirit:port>
        <spirit:name>s00_axi_awready</spirit:name>
        <spirit:wire>
          <spirit:direction>out</spirit:direction>
          <spirit:wireTypeDefs>
            <spirit:wireTypeDef>
              <spirit:typeName>wire</spirit:typeName>
              <spirit:viewNameRef>xilinx_verilogsynthesis</spirit:viewNameRef>
              <spirit:viewNameRef>xilinx_verilogbehavioralsimulation</spirit:viewNameRef>
            </spirit:wireTypeDef>
          </spirit:wireTypeDefs>
        </spirit:wire>
      </spirit:port>
      <spirit:port>
        <spirit:name>s00_axi_wdata</spirit:name>
        <spirit:wire>
          <spirit:direction>in</spirit:direction>
          <spirit:vector>
            <spirit:left spirit:format="long" spirit:resolve="dependent" spirit:dependency="(spirit:decode(id(&apos;MODELPARAM_VALUE.C_S00_AXI_DATA_WIDTH&apos;)) - 1)">31</spirit:left>
            <spirit:right spirit:format="long">0</spirit:right>
          </spirit:vector>
          <spirit:wireTypeDefs>
            <spirit:wireTypeDef>
              <spirit:typeName>wire</spirit:typeName>
              <spirit:viewNameRef>xilinx_verilogsynthesis</spirit:viewNameRef>
              <spirit:viewNameRef>xilinx_verilogbehavioralsimulation</spirit:viewNameRef>
            </spirit:wireTypeDef>
          </spirit:wireTypeDefs>
        </spirit:wire>
      </spirit:port>
      <spirit:port>
        <spirit:name>s00_axi_wstrb</spirit:name>
        <spirit:wire>
          <spirit:direction>in</spirit:direction>
          <spirit:vector>
            <spirit:left spirit:format="long" spirit:resolve="dependent" spirit:dependency="((spirit:decode(id(&apos;MODELPARAM_VALUE.C_S00_AXI_DATA_WIDTH&apos;)) / 8) - 1)">3</spirit:left>
            <spirit:right spirit:format="long">0</spirit:right>
          </spirit:vector>
          <spirit:wireTypeDefs>
            <spirit:wireTypeDef>
              <spirit:typeName>wire</spirit:typeName>
              <spirit:viewNameRef>xilinx_verilogsynthesis</spirit:viewNameRef>
              <spirit:viewNameRef>xilinx_verilogbehavioralsimulation</spirit:viewNameRef>
            </spirit:wireTypeDef>
          </spirit:wireTypeDefs>
        </spirit:wire>
      </spirit:port>
      <spirit:port>
        <spirit:name>s00_axi_wvalid</spirit:name>
        <spirit:wire>
          <spirit:direction>in</spirit:direction>
          <spirit:wireTypeDefs>
            <spirit:wireTypeDef>
              <spirit:typeName>wire</spirit:typeName>
              <spirit:viewNameRef>xilinx_verilogsynthesis</spirit:viewNameRef>
              <spirit:viewNameRef>xilinx_verilogbehavioralsimulation</spirit:viewNameRef>
            </spirit:wireTypeDef>
          </spirit:wireTypeDefs>
        </spirit:wire>
      </spirit:port>
      <spirit:port>
        <spirit:name>s00_axi_wready</spirit:name>
        <spirit:wire>
          <spirit:direction>out</spirit:direction>
          <spirit:wireTypeDefs>
            <spirit:wireTypeDef>
              <spirit:typeName>wire</spirit:typeName>
              <spirit:viewNameRef>xilinx_verilogsynthesis</spirit:viewNameRef>
              <spirit:viewNameRef>xilinx_verilogbehavioralsimulation</spirit:viewNameRef>
            </spirit:wireTypeDef>
          </spirit:wireTypeDefs>
        </spirit:wire>
      </spirit:port>
      <spirit:port>
        <spirit:name>s00_axi_bresp</spirit:name>
        <spirit:wire>
          <spirit:direction>out</spirit:direction>
          <spirit:vector>
            <spirit:left spirit:format="long">1</spirit:left>
            <spirit:right spirit:format="long">0</spirit:right>
          </spirit:vector>
          <spirit:wireTypeDefs>
            <spirit:wireTypeDef>
              <spirit:typeName>wire</spirit:typeName>
              <spirit:viewNameRef>xilinx_verilogsynthesis</spirit:viewNameRef>
              <spirit:viewNameRef>xilinx_verilogbehavioralsimulation</spirit:viewNameRef>
            </spirit:wireTypeDef>
          </spirit:wireTypeDefs>
        </spirit:wire>
      </spirit:port>
      <spirit:port>
        <spirit:name>s00_axi_bvalid</spirit:name>
        <spirit:wire>
          <spirit:direction>out</spirit:direction>
          <spirit:wireTypeDefs>
            <spirit:wireTypeDef>
              <spirit:typeName>wire</spirit:typeName>
              <spirit:viewNameRef>xilinx_verilogsynthesis</spirit:viewNameRef>
              <spirit:viewNameRef>xilinx_verilogbehavioralsimulation</spirit:viewNameRef>
            </spirit:wireTypeDef>
          </spirit:wireTypeDefs>
        </spirit:wire>
      </spirit:port>
      <spirit:port>
        <spirit:name>s00_axi_bready</spirit:name>
        <spirit:wire>
          <spirit:direction>in</spirit:direction>
          <spirit:wireTypeDefs>
            <spirit:wireTypeDef>
              <spirit:typeName>wire</spirit:typeName>
              <spirit:viewNameRef>xilinx_verilogsynthesis</spirit:viewNameRef>
              <spirit:viewNameRef>xilinx_verilogbehavioralsimulation</spirit:viewNameRef>
            </spirit:wireTypeDef>
          </spirit:wireTypeDefs>
        </spirit:wire>
      </spirit:port>
      <spirit:port>
        <spirit:name>s00_axi_araddr</spirit:name>
        <spirit:wire>
          <spirit:direction>in</spirit:direction>
          <spirit:vector>
            <spirit:left spirit:format="long" spirit:resolve="dependent" spirit:dependency="(spirit:decode(id(&apos;MODELPARAM_VALUE.C_S00_AXI_ADDR_WIDTH&apos;)) - 1)">3</spirit:left>
            <spirit:right spirit:format="long">0</spirit:right>
          </spirit:vector>
          <spirit:wireTypeDefs>
            <spirit:wireTypeDef>
              <spirit:typeName>wire</spirit:typeName>
              <spirit:viewNameRef>xilinx_verilogsynthesis</spirit:viewNameRef>
              <spirit:viewNameRef>xilinx_verilogbehavioralsimulation</spirit:viewNameRef>
            </spirit:wireTypeDef>
          </spirit:wireTypeDefs>
        </spirit:wire>
      </spirit:port>
      <spirit:port>
        <spirit:name>s00_axi_arprot</spirit:name>
        <spirit:wire>
          <spirit:direction>in</spirit:direction>
          <spirit:vector>
            <spirit:left spirit:format="long">2</spirit:left>
            <spirit:right spirit:format="long">0</spirit:right>
          </spirit:vector>
          <spirit:wireTypeDefs>
            <spirit:wireTypeDef>
              <spirit:typeName>wire</spirit:typeName>
              <spirit:viewNameRef>xilinx_verilogsynthesis</spirit:viewNameRef>
              <spirit:viewNameRef>xilinx_verilogbehavioralsimulation</spirit:viewNameRef>
            </spirit:wireTypeDef>
          </spirit:wireTypeDefs>
        </spirit:wire>
      </spirit:port>
      <spirit:port>
        <spirit:name>s00_axi_arvalid</spirit:name>
        <spirit:wire>
          <spirit:direction>in</spirit:direction>
          <spirit:wireTypeDefs>
            <spirit:wireTypeDef>
              <spirit:typeName>wire</spirit:typeName>
              <spirit:viewNameRef>xilinx_verilogsynthesis</spirit:viewNameRef>
              <spirit:viewNameRef>xilinx_verilogbehavioralsimulation</spirit:viewNameRef>
            </spirit:wireTypeDef>
          </spirit:wireTypeDefs>
        </spirit:wire>
      </spirit:port>
      <spirit:port>
        <spirit:name>s00_axi_arready</spirit:name>
        <spirit:wire>
          <spirit:direction>out</spirit:direction>
          <spirit:wireTypeDefs>
            <spirit:wireTypeDef>
              <spirit:typeName>wire</spirit:typeName>
              <spirit:viewNameRef>xilinx_verilogsynthesis</spirit:viewNameRef>
              <spirit:viewNameRef>xilinx_verilogbehavioralsimulation</spirit:viewNameRef>
            </spirit:wireTypeDef>
          </spirit:wireTypeDefs>
        </spirit:wire>
      </spirit:port>
      <spirit:port>
        <spirit:name>s00_axi_rdata</spirit:name>
        <spirit:wire>
          <spirit:direction>out</spirit:direction>
          <spirit:vector>
            <spirit:left spirit:format="long" spirit:resolve="dependent" spirit:dependency="(spirit:decode(id(&apos;MODELPARAM_VALUE.C_S00_AXI_DATA_WIDTH&apos;)) - 1)">31</spirit:left>
            <spirit:right spirit:format="long">0</spirit:right>
          </spirit:vector>
          <spirit:wireTypeDefs>
            <spirit:wireTypeDef>
              <spirit:typeName>wire</spirit:typeName>
              <spirit:viewNameRef>xilinx_verilogsynthesis</spirit:viewNameRef>
              <spirit:viewNameRef>xilinx_verilogbehavioralsimulation</spirit:viewNameRef>
            </spirit:wireTypeDef>
          </spirit:wireTypeDefs>
        </spirit:wire>
      </spirit:port>
      <spirit:port>
        <spirit:name>s00_axi_rresp</spirit:name>
        <spirit:wire>
          <spirit:direction>out</spirit:direction>
          <spirit:vector>
            <spirit:left spirit:format="long">1</spirit:left>
            <spirit:right spirit:format="long">0</spirit:right>
          </spirit:vector>
          <spirit:wireTypeDefs>
            <spirit:wireTypeDef>
              <spirit:typeName>wire</spirit:typeName>
              <spirit:viewNameRef>xilinx_verilogsynthesis</spirit:viewNameRef>
              <spirit:viewNameRef>xilinx_verilogbehavioralsimulation</spirit:viewNameRef>
            </spirit:wireTypeDef>
          </spirit:wireTypeDefs>
        </spirit:wire>
      </spirit:port>
      <spirit:port>
        <spirit:name>s00_axi_rvalid</spirit:name>
        <spirit:wire>
          <spirit:direction>out</spirit:direction>
          <spirit:wireTypeDefs>
            <spirit:wireTypeDef>
              <spirit:typeName>wire</spirit:typeName>
              <spirit:viewNameRef>xilinx_verilogsynthesis</spirit:viewNameRef>
              <spirit:viewNameRef>xilinx_verilogbehavioralsimulation</spirit:viewNameRef>
            </spirit:wireTypeDef>
          </spirit:wireTypeDefs>
        </spirit:wire>
      </spirit:port>
      <spirit:port>
        <spirit:name>s00_axi_rready</spirit:name>
        <spirit:wire>
          <spirit:direction>in</spirit:direction>
          <spirit:wireTypeDefs>
            <spirit:wireTypeDef>
              <spirit:typeName>wire</spirit:typeName>
              <spirit:viewNameRef>xilinx_verilogsynthesis</spirit:viewNameRef>
              <spirit:viewNameRef>xilinx_verilogbehavioralsimulation</spirit:viewNameRef>
            </spirit:wireTypeDef>
          </spirit:wireTypeDefs>
        </spirit:wire>
      </spirit:port>
    </spirit:ports>
    <spirit:modelParameters>
      <spirit:modelParameter xsi:type="spirit:nameValueTypeType" spirit:dataType="integer">
        <spirit:name>C_S00_AXI_DATA_WIDTH</spirit:name>
        <spirit:displayName>C S00 AXI DATA WIDTH</spirit:displayName>
        <spirit:description>Width of S_AXI data bus</spirit:description>
        <spirit:value spirit:format="long" spirit:resolve="generated" spirit:id="MODELPARAM_VALUE.C_S00_AXI_DATA_WIDTH" spirit:order="3" spirit:rangeType="long">32</spirit:value>
      </spirit:modelParameter>
      <spirit:modelParameter spirit:dataType="integer">
        <spirit:name>C_S00_AXI_ADDR_WIDTH</spirit:name>
        <spirit:displayName>C S00 AXI ADDR WIDTH</spirit:displayName>
        <spirit:description>Width of S_AXI address bus</spirit:description>
        <spirit:value spirit:format="long" spirit:resolve="generated" spirit:id="MODELPARAM_VALUE.C_S00_AXI_ADDR_WIDTH" spirit:order="4" spirit:rangeType="long">4</spirit:value>
      </spirit:modelParameter>
    </spirit:modelParameters>
  </spirit:model>
  <spirit:choices>
    <spirit:choice>
      <spirit:name>choice_list_6fc15197</spirit:name>
      <spirit:enumeration>32</spirit:enumeration>
    </spirit:choice>
    <spirit:choice>
      <spirit:name>choice_list_9d8b0d81</spirit:name>
      <spirit:enumeration>ACTIVE_HIGH</spirit:enumeration>
      <spirit:enumeration>ACTIVE_LOW</spirit:enumeration>
    </spirit:choice>
    <spirit:choice>
      <spirit:name>choice_pairs_ce1226b1</spirit:name>
      <spirit:enumeration spirit:text="true">1</spirit:enumeration>
      <spirit:enumeration spirit:text="false">0</spirit:enumeration>
    </spirit:choice>
  </spirit:choices>
  <spirit:fileSets>
    <spirit:fileSet>
      <spirit:name>xilinx_verilogsynthesis_view_fileset</spirit:name>
      <spirit:file>
        <spirit:name>hdl/Ultrasonic_v1_0_S00_AXI.v</spirit:name>
        <spirit:fileType>verilogSource</spirit:fileType>
      </spirit:file>
      <spirit:file>
        <spirit:name>hdl/Ultrasonic_v1_0.v</spirit:name>
        <spirit:fileType>verilogSource</spirit:fileType>
        <spirit:userFileType>CHECKSUM_040cea03</spirit:userFileType>
      </spirit:file>
    </spirit:fileSet>
    <spirit:fileSet>
      <spirit:name>xilinx_verilogbehavioralsimulation_view_fileset</spirit:name>
      <spirit:file>
        <spirit:name>hdl/Ultrasonic_v1_0_S00_AXI.v</spirit:name>
        <spirit:fileType>verilogSource</spirit:fileType>
      </spirit:file>
      <spirit:file>
        <spirit:name>hdl/Ultrasonic_v1_0.v</spirit:name>
        <spirit:fileType>verilogSource</spirit:fileType>
      </spirit:file>
    </spirit:fileSet>
    <spirit:fileSet>
      <spirit:name>xilinx_softwaredriver_view_fileset</spirit:name>
      <spirit:file>
        <spirit:name>drivers/Ultrasonic_v1_0/data/Ultrasonic.mdd</spirit:name>
        <spirit:userFileType>mdd</spirit:userFileType>
        <spirit:userFileType>driver_mdd</spirit:userFileType>
      </spirit:file>
      <spirit:file>
        <spirit:name>drivers/Ultrasonic_v1_0/data/Ultrasonic.tcl</spirit:name>
        <spirit:fileType>tclSource</spirit:fileType>
        <spirit:userFileType>driver_tcl</spirit:userFileType>
      </spirit:file>
      <spirit:file>
        <spirit:name>drivers/Ultrasonic_v1_0/src/Makefile</spirit:name>
        <spirit:userFileType>driver_src</spirit:userFileType>
      </spirit:file>
      <spirit:file>
        <spirit:name>drivers/Ultrasonic_v1_0/src/Ultrasonic.h</spirit:name>
        <spirit:fileType>cSource</spirit:fileType>
        <spirit:userFileType>driver_src</spirit:userFileType>
      </spirit:file>
      <spirit:file>
        <spirit:name>drivers/Ultrasonic_v1_0/src/Ultrasonic.c</spirit:name>
        <spirit:fileType>cSource</spirit:fileType>
        <spirit:userFileType>driver_src</spirit:userFileType>
      </spirit:file>
      <spirit:file>
        <spirit:name>drivers/Ultrasonic_v1_0/src/Ultrasonic_selftest.c</spirit:name>
        <spirit:fileType>cSource</spirit:fileType>
        <spirit:userFileType>driver_src</spirit:userFileType>
      </spirit:file>
    </spirit:fileSet>
    <spirit:fileSet>
      <spirit:name>xilinx_xpgui_view_fileset</spirit:name>
      <spirit:file>
        <spirit:name>xgui/Ultrasonic_v1_0.tcl</spirit:name>
        <spirit:fileType>tclSource</spirit:fileType>
        <spirit:userFileType>CHECKSUM_0e5443b4</spirit:userFileType>
        <spirit:userFileType>XGUI_VERSION_2</spirit:userFileType>
      </spirit:file>
    </spirit:fileSet>
    <spirit:fileSet>
      <spirit:name>bd_tcl_view_fileset</spirit:name>
      <spirit:file>
        <spirit:name>bd/bd.tcl</spirit:name>
        <spirit:fileType>tclSource</spirit:fileType>
      </spirit:file>
    </spirit:fileSet>
  </spirit:fileSets>
  <spirit:description>Ultrasonic with cm Output</spirit:description>
  <spirit:parameters>
    <spirit:parameter>
      <spirit:name>C_S00_AXI_DATA_WIDTH</spirit:name>
      <spirit:displayName>C S00 AXI DATA WIDTH</spirit:displayName>
      <spirit:description>Width of S_AXI data bus</spirit:description>
      <spirit:value spirit:format="long" spirit:resolve="user" spirit:id="PARAM_VALUE.C_S00_AXI_DATA_WIDTH" spirit:choiceRef="choice_list_6fc15197" spirit:order="3">32</spirit:value>
      <spirit:vendorExtensions>
        <xilinx:parameterInfo>
          <xilinx:enablement>
            <xilinx:isEnabled xilinx:id="PARAM_ENABLEMENT.C_S00_AXI_DATA_WIDTH">false</xilinx:isEnabled>
          </xilinx:enablement>
        </xilinx:parameterInfo>
      </spirit:vendorExtensions>
    </spirit:parameter>
    <spirit:parameter>
      <spirit:name>C_S00_AXI_ADDR_WIDTH</spirit:name>
      <spirit:displayName>C S00 AXI ADDR WIDTH</spirit:displayName>
      <spirit:description>Width of S_AXI address bus</spirit:description>
      <spirit:value spirit:format="long" spirit:resolve="user" spirit:id="PARAM_VALUE.C_S00_AXI_ADDR_WIDTH" spirit:order="4" spirit:rangeType="long">4</spirit:value>
      <spirit:vendorExtensions>
        <xilinx:parameterInfo>
          <xilinx:enablement>
            <xilinx:isEnabled xilinx:id="PARAM_ENABLEMENT.C_S00_AXI_ADDR_WIDTH">false</xilinx:isEnabled>
          </xilinx:enablement>
        </xilinx:parameterInfo>
      </spirit:vendorExtensions>
    </spirit:parameter>
    <spirit:parameter>
      <spirit:name>C_S00_AXI_BASEADDR</spirit:name>
      <spirit:displayName>C S00 AXI BASEADDR</spirit:displayName>
      <spirit:value spirit:format="bitString" spirit:resolve="user" spirit:id="PARAM_VALUE.C_S00_AXI_BASEADDR" spirit:order="5" spirit:bitStringLength="32">0xFFFFFFFF</spirit:value>
      <spirit:vendorExtensions>
        <xilinx:parameterInfo>
          <xilinx:enablement>
            <xilinx:isEnabled xilinx:id="PARAM_ENABLEMENT.C_S00_AXI_BASEADDR">false</xilinx:isEnabled>
          </xilinx:enablement>
        </xilinx:parameterInfo>
      </spirit:vendorExtensions>
    </spirit:parameter>
    <spirit:parameter>
      <spirit:name>C_S00_AXI_HIGHADDR</spirit:name>
      <spirit:displayName>C S00 AXI HIGHADDR</spirit:displayName>
      <spirit:value spirit:format="bitString" spirit:resolve="user" spirit:id="PARAM_VALUE.C_S00_AXI_HIGHADDR" spirit:order="6" spirit:bitStringLength="32">0x00000000</spirit:value>
      <spirit:vendorExtensions>
        <xilinx:parameterInfo>
          <xilinx:enablement>
            <xilinx:isEnabled xilinx:id="PARAM_ENABLEMENT.C_S00_AXI_HIGHADDR">false</xilinx:isEnabled>
          </xilinx:enablement>
        </xilinx:parameterInfo>
      </spirit:vendorExtensions>
    </spirit:parameter>
    <spirit:parameter>
      <spirit:name>Component_Name</spirit:name>
      <spirit:value spirit:resolve="user" spirit:id="PARAM_VALUE.Component_Name" spirit:order="1">Ultrasonic_v1_0</spirit:value>
    </spirit:parameter>
  </spirit:parameters>
  <spirit:vendorExtensions>
    <xilinx:coreExtensions>
      <xilinx:supportedFamilies>
        <xilinx:family xilinx:lifeCycle="Pre-Production">artix7</xilinx:family>
      </xilinx:supportedFamilies>
      <xilinx:taxonomies>
        <xilinx:taxonomy>AXI_Peripheral</xilinx:taxonomy>
      </xilinx:taxonomies>
      <xilinx:displayName>Ultrasonic_v1.0</xilinx:displayName>
      <xilinx:coreRevision>7</xilinx:coreRevision>
      <xilinx:coreCreationDateTime>2025-03-15T09:07:20Z</xilinx:coreCreationDateTime>
      <xilinx:tags>
        <xilinx:tag xilinx:name="ui.data.coregen.dd@35e75a74_ARCHIVE_LOCATION">d:/project/verilog/ip_repo/Ultrasonic_1.0</xilinx:tag>
        <xilinx:tag xilinx:name="ui.data.coregen.dd@9027c74_ARCHIVE_LOCATION">d:/project/verilog/ip_repo/Ultrasonic_1.0</xilinx:tag>
        <xilinx:tag xilinx:name="ui.data.coregen.dd@9a42039_ARCHIVE_LOCATION">d:/project/verilog/ip_repo/Ultrasonic_1.0</xilinx:tag>
        <xilinx:tag xilinx:name="ui.data.coregen.dd@2bf63a9c_ARCHIVE_LOCATION">d:/project/verilog/ip_repo/Ultrasonic_1.0</xilinx:tag>
        <xilinx:tag xilinx:name="ui.data.coregen.dd@5eb9ab86_ARCHIVE_LOCATION">d:/project/verilog/ip_repo/Ultrasonic_1.0</xilinx:tag>
        <xilinx:tag xilinx:name="ui.data.coregen.dd@6b28526d_ARCHIVE_LOCATION">d:/project/verilog/ip_repo/Ultrasonic_1.0</xilinx:tag>
        <xilinx:tag xilinx:name="ui.data.coregen.dd@2f44b43f_ARCHIVE_LOCATION">d:/project/verilog/ip_repo/Ultrasonic_1.0</xilinx:tag>
        <xilinx:tag xilinx:name="ui.data.coregen.dd@a0ed769_ARCHIVE_LOCATION">d:/project/verilog/ip_repo/Ultrasonic_1.0</xilinx:tag>
        <xilinx:tag xilinx:name="ui.data.coregen.dd@4912faee_ARCHIVE_LOCATION">d:/project/verilog/ip_repo/Ultrasonic_1.0</xilinx:tag>
        <xilinx:tag xilinx:name="ui.data.coregen.dd@28015303_ARCHIVE_LOCATION">d:/project/verilog/ip_repo/Ultrasonic_1.0</xilinx:tag>
        <xilinx:tag xilinx:name="ui.data.coregen.dd@7cd30a09_ARCHIVE_LOCATION">d:/project/verilog/ip_repo/Ultrasonic_1.0</xilinx:tag>
        <xilinx:tag xilinx:name="ui.data.coregen.dd@4c328e0f_ARCHIVE_LOCATION">d:/project/verilog/ip_repo/Ultrasonic_1.0</xilinx:tag>
        <xilinx:tag xilinx:name="ui.data.coregen.dd@6364a015_ARCHIVE_LOCATION">d:/project/verilog/ip_repo/Ultrasonic_1.0</xilinx:tag>
        <xilinx:tag xilinx:name="ui.data.coregen.dd@5bcb85f3_ARCHIVE_LOCATION">d:/project/verilog/ip_repo/Ultrasonic_1.0</xilinx:tag>
        <xilinx:tag xilinx:name="ui.data.coregen.dd@149234e9_ARCHIVE_LOCATION">d:/project/verilog/ip_repo/Ultrasonic_1.0</xilinx:tag>
        <xilinx:tag xilinx:name="ui.data.coregen.dd@3c07b875_ARCHIVE_LOCATION">d:/project/verilog/ip_repo/Ultrasonic_1.0</xilinx:tag>
        <xilinx:tag xilinx:name="ui.data.coregen.dd@7665f65b_ARCHIVE_LOCATION">d:/project/verilog/ip_repo/Ultrasonic_1.0</xilinx:tag>
        <xilinx:tag xilinx:name="ui.data.coregen.dd@66369227_ARCHIVE_LOCATION">d:/project/verilog/ip_repo/Ultrasonic_1.0</xilinx:tag>
        <xilinx:tag xilinx:name="ui.data.coregen.dd@33d71c39_ARCHIVE_LOCATION">d:/project/verilog/ip_repo/Ultrasonic_1.0</xilinx:tag>
        <xilinx:tag xilinx:name="ui.data.coregen.dd@3236bb39_ARCHIVE_LOCATION">d:/project/verilog/ip_repo/Ultrasonic_1.0</xilinx:tag>
        <xilinx:tag xilinx:name="ui.data.coregen.dd@a6f00c8_ARCHIVE_LOCATION">d:/project/verilog/ip_repo/Ultrasonic_1.0</xilinx:tag>
        <xilinx:tag xilinx:name="ui.data.coregen.dd@60c165e8_ARCHIVE_LOCATION">d:/project/verilog/ip_repo/Ultrasonic_1.0</xilinx:tag>
        <xilinx:tag xilinx:name="ui.data.coregen.dd@5ac4919a_ARCHIVE_LOCATION">d:/project/verilog/ip_repo/Ultrasonic_1.0</xilinx:tag>
        <xilinx:tag xilinx:name="ui.data.coregen.dd@4f180a_ARCHIVE_LOCATION">d:/project/verilog/ip_repo/Ultrasonic_1.0</xilinx:tag>
        <xilinx:tag xilinx:name="ui.data.coregen.dd@5d228d5e_ARCHIVE_LOCATION">d:/project/verilog/ip_repo/Ultrasonic_1.0</xilinx:tag>
        <xilinx:tag xilinx:name="ui.data.coregen.dd@8d18e26_ARCHIVE_LOCATION">d:/project/verilog/ip_repo/Ultrasonic_1.0</xilinx:tag>
        <xilinx:tag xilinx:name="ui.data.coregen.dd@1c266b5_ARCHIVE_LOCATION">d:/project/verilog/ip_repo/Ultrasonic_1.0</xilinx:tag>
        <xilinx:tag xilinx:name="ui.data.coregen.dd@652fc864_ARCHIVE_LOCATION">d:/project/verilog/ip_repo/Ultrasonic_1.0</xilinx:tag>
        <xilinx:tag xilinx:name="ui.data.coregen.dd@24698eb3_ARCHIVE_LOCATION">d:/project/verilog/ip_repo/Ultrasonic_1.0</xilinx:tag>
        <xilinx:tag xilinx:name="ui.data.coregen.dd@10ab9379_ARCHIVE_LOCATION">d:/project/verilog/ip_repo/Ultrasonic_1.0</xilinx:tag>
        <xilinx:tag xilinx:name="ui.data.coregen.dd@1bc91742_ARCHIVE_LOCATION">d:/project/verilog/ip_repo/Ultrasonic_1.0</xilinx:tag>
        <xilinx:tag xilinx:name="ui.data.coregen.dd@6c6ce252_ARCHIVE_LOCATION">d:/project/verilog/ip_repo/Ultrasonic_1.0</xilinx:tag>
        <xilinx:tag xilinx:name="ui.data.coregen.dd@892a2e4_ARCHIVE_LOCATION">d:/project/verilog/ip_repo/Ultrasonic_1.0</xilinx:tag>
        <xilinx:tag xilinx:name="ui.data.coregen.dd@641341be_ARCHIVE_LOCATION">d:/project/verilog/ip_repo/Ultrasonic_1.0</xilinx:tag>
        <xilinx:tag xilinx:name="ui.data.coregen.dd@13d26029_ARCHIVE_LOCATION">d:/project/verilog/ip_repo/Ultrasonic_1.0</xilinx:tag>
        <xilinx:tag xilinx:name="ui.data.coregen.dd@31adacfd_ARCHIVE_LOCATION">d:/project/verilog/ip_repo/Ultrasonic_1.0</xilinx:tag>
        <xilinx:tag xilinx:name="ui.data.coregen.dd@47cb459b_ARCHIVE_LOCATION">d:/project/verilog/ip_repo/Ultrasonic_1.0</xilinx:tag>
        <xilinx:tag xilinx:name="ui.data.coregen.dd@59f574cf_ARCHIVE_LOCATION">d:/project/verilog/ip_repo/Ultrasonic_1.0</xilinx:tag>
        <xilinx:tag xilinx:name="ui.data.coregen.dd@2ee06b30_ARCHIVE_LOCATION">d:/project/verilog/ip_repo/Ultrasonic_1.0</xilinx:tag>
        <xilinx:tag xilinx:name="ui.data.coregen.dd@6eb87b7e_ARCHIVE_LOCATION">d:/project/verilog/ip_repo/Ultrasonic_1.0</xilinx:tag>
        <xilinx:tag xilinx:name="ui.data.coregen.dd@1e1b0609_ARCHIVE_LOCATION">d:/project/verilog/ip_repo/Ultrasonic_1.0</xilinx:tag>
        <xilinx:tag xilinx:name="ui.data.coregen.dd@7cf2cb6_ARCHIVE_LOCATION">d:/project/verilog/ip_repo/Ultrasonic_1.0</xilinx:tag>
        <xilinx:tag xilinx:name="ui.data.coregen.dd@2aae313e_ARCHIVE_LOCATION">d:/project/verilog/ip_repo/Ultrasonic_1.0</xilinx:tag>
        <xilinx:tag xilinx:name="ui.data.coregen.dd@54d62110_ARCHIVE_LOCATION">d:/project/verilog/ip_repo/Ultrasonic_1.0</xilinx:tag>
        <xilinx:tag xilinx:name="ui.data.coregen.dd@1fd8f9cf_ARCHIVE_LOCATION">d:/project/verilog/ip_repo/Ultrasonic_1.0</xilinx:tag>
        <xilinx:tag xilinx:name="ui.data.coregen.dd@659b2659_ARCHIVE_LOCATION">d:/project/verilog/ip_repo/Ultrasonic_1.0</xilinx:tag>
        <xilinx:tag xilinx:name="ui.data.coregen.dd@1710f55c_ARCHIVE_LOCATION">d:/project/verilog/ip_repo/Ultrasonic_1.0</xilinx:tag>
        <xilinx:tag xilinx:name="ui.data.coregen.dd@24d238b5_ARCHIVE_LOCATION">d:/project/verilog/ip_repo/Ultrasonic_1.0</xilinx:tag>
        <xilinx:tag xilinx:name="ui.data.coregen.dd@4d49455f_ARCHIVE_LOCATION">d:/project/verilog/ip_repo/Ultrasonic_1.0</xilinx:tag>
        <xilinx:tag xilinx:name="ui.data.coregen.dd@7effedda_ARCHIVE_LOCATION">d:/project/verilog/ip_repo/Ultrasonic_1.0</xilinx:tag>
        <xilinx:tag xilinx:name="ui.data.coregen.dd@598fc0a2_ARCHIVE_LOCATION">d:/project/verilog/ip_repo/Ultrasonic_1.0</xilinx:tag>
        <xilinx:tag xilinx:name="ui.data.coregen.dd@7b6fb2e8_ARCHIVE_LOCATION">d:/project/verilog/ip_repo/Ultrasonic_1.0</xilinx:tag>
        <xilinx:tag xilinx:name="ui.data.coregen.dd@1aa996f9_ARCHIVE_LOCATION">d:/project/verilog/ip_repo/Ultrasonic_1.0</xilinx:tag>
        <xilinx:tag xilinx:name="ui.data.coregen.dd@5e0f2e0f_ARCHIVE_LOCATION">d:/project/verilog/ip_repo/Ultrasonic_1.0</xilinx:tag>
        <xilinx:tag xilinx:name="ui.data.coregen.dd@45db9cfb_ARCHIVE_LOCATION">d:/project/verilog/ip_repo/Ultrasonic_1.0</xilinx:tag>
        <xilinx:tag xilinx:name="ui.data.coregen.dd@6242b8e1_ARCHIVE_LOCATION">d:/project/verilog/ip_repo/Ultrasonic_1.0</xilinx:tag>
        <xilinx:tag xilinx:name="ui.data.coregen.dd@1d10e37c_ARCHIVE_LOCATION">d:/project/verilog/ip_repo/Ultrasonic_1.0</xilinx:tag>
        <xilinx:tag xilinx:name="ui.data.coregen.dd@2a18de26_ARCHIVE_LOCATION">d:/project/verilog/ip_repo/Ultrasonic_1.0</xilinx:tag>
        <xilinx:tag xilinx:name="ui.data.coregen.dd@e5326da_ARCHIVE_LOCATION">d:/project/verilog/ip_repo/Ultrasonic_1.0</xilinx:tag>
        <xilinx:tag xilinx:name="ui.data.coregen.dd@19aefe4f_ARCHIVE_LOCATION">d:/project/verilog/ip_repo/Ultrasonic_1.0</xilinx:tag>
        <xilinx:tag xilinx:name="ui.data.coregen.dd@12f06f81_ARCHIVE_LOCATION">d:/project/verilog/ip_repo/Ultrasonic_1.0</xilinx:tag>
        <xilinx:tag xilinx:name="ui.data.coregen.dd@3cdb6329_ARCHIVE_LOCATION">d:/project/verilog/ip_repo/Ultrasonic_1.0</xilinx:tag>
        <xilinx:tag xilinx:name="ui.data.coregen.dd@acb325d_ARCHIVE_LOCATION">d:/project/verilog/ip_repo/Ultrasonic_1.0</xilinx:tag>
        <xilinx:tag xilinx:name="ui.data.coregen.dd@2a781e4e_ARCHIVE_LOCATION">d:/project/verilog/ip_repo/Ultrasonic_1.0</xilinx:tag>
        <xilinx:tag xilinx:name="ui.data.coregen.dd@3fb05752_ARCHIVE_LOCATION">d:/project/verilog/ip_repo/Ultrasonic_1.0</xilinx:tag>
        <xilinx:tag xilinx:name="ui.data.coregen.dd@1c7018c5_ARCHIVE_LOCATION">d:/project/verilog/ip_repo/Ultrasonic_1.0</xilinx:tag>
        <xilinx:tag xilinx:name="ui.data.coregen.dd@2d0626a2_ARCHIVE_LOCATION">d:/project/verilog/ip_repo/Ultrasonic_1.0</xilinx:tag>
        <xilinx:tag xilinx:name="ui.data.coregen.dd@44e71db7_ARCHIVE_LOCATION">d:/project/verilog/ip_repo/Ultrasonic_1.0</xilinx:tag>
        <xilinx:tag xilinx:name="ui.data.coregen.dd@7543650a_ARCHIVE_LOCATION">d:/project/verilog/ip_repo/Ultrasonic_1.0</xilinx:tag>
        <xilinx:tag xilinx:name="ui.data.coregen.dd@29744c3c_ARCHIVE_LOCATION">d:/project/verilog/ip_repo/Ultrasonic_1.0</xilinx:tag>
        <xilinx:tag xilinx:name="ui.data.coregen.dd@2fc75357_ARCHIVE_LOCATION">d:/project/verilog/ip_repo/Ultrasonic_1.0</xilinx:tag>
        <xilinx:tag xilinx:name="ui.data.coregen.dd@25d7b00f_ARCHIVE_LOCATION">d:/project/verilog/ip_repo/Ultrasonic_1.0</xilinx:tag>
        <xilinx:tag xilinx:name="ui.data.coregen.dd@6abc6655_ARCHIVE_LOCATION">d:/project/verilog/ip_repo/Ultrasonic_1.0</xilinx:tag>
        <xilinx:tag xilinx:name="ui.data.coregen.dd@25cbadfe_ARCHIVE_LOCATION">d:/project/verilog/ip_repo/Ultrasonic_1.0</xilinx:tag>
        <xilinx:tag xilinx:name="ui.data.coregen.dd@6dfba57_ARCHIVE_LOCATION">d:/project/verilog/ip_repo/Ultrasonic_1.0</xilinx:tag>
        <xilinx:tag xilinx:name="ui.data.coregen.dd@5ed11ce9_ARCHIVE_LOCATION">d:/project/verilog/ip_repo/Ultrasonic_1.0</xilinx:tag>
        <xilinx:tag xilinx:name="ui.data.coregen.dd@5221b88f_ARCHIVE_LOCATION">d:/project/verilog/ip_repo/Ultrasonic_1.0</xilinx:tag>
        <xilinx:tag xilinx:name="ui.data.coregen.dd@58b551d5_ARCHIVE_LOCATION">d:/project/verilog/ip_repo/Ultrasonic_1.0</xilinx:tag>
        <xilinx:tag xilinx:name="ui.data.coregen.dd@34d62496_ARCHIVE_LOCATION">d:/project/verilog/ip_repo/Ultrasonic_1.0</xilinx:tag>
        <xilinx:tag xilinx:name="ui.data.coregen.dd@4073004a_ARCHIVE_LOCATION">d:/project/verilog/ip_repo/Ultrasonic_1.0</xilinx:tag>
        <xilinx:tag xilinx:name="ui.data.coregen.dd@297d0a1a_ARCHIVE_LOCATION">d:/project/verilog/ip_repo/Ultrasonic_1.0</xilinx:tag>
        <xilinx:tag xilinx:name="ui.data.coregen.dd@4435737_ARCHIVE_LOCATION">d:/Project/CPU/ip_repo/Ultrasonic_1.0</xilinx:tag>
        <xilinx:tag xilinx:name="ui.data.coregen.dd@5890cb65_ARCHIVE_LOCATION">d:/Project/CPU/ip_repo/Ultrasonic_1.0</xilinx:tag>
        <xilinx:tag xilinx:name="ui.data.coregen.dd@26296d93_ARCHIVE_LOCATION">d:/Project/CPU/ip_repo/Ultrasonic_1.0</xilinx:tag>
        <xilinx:tag xilinx:name="ui.data.coregen.dd@5e53f68d_ARCHIVE_LOCATION">d:/Project/CPU/ip_repo/Ultrasonic_1.0</xilinx:tag>
        <xilinx:tag xilinx:name="ui.data.coregen.dd@64e9d168_ARCHIVE_LOCATION">d:/Project/CPU/ip_repo/Ultrasonic_1.0</xilinx:tag>
        <xilinx:tag xilinx:name="ui.data.coregen.dd@75e818cb_ARCHIVE_LOCATION">d:/Project/CPU/ip_repo/Ultrasonic_1.0</xilinx:tag>
        <xilinx:tag xilinx:name="ui.data.coregen.dd@c8e91b4_ARCHIVE_LOCATION">d:/Project/CPU/ip_repo/Ultrasonic_1.0</xilinx:tag>
        <xilinx:tag xilinx:name="ui.data.coregen.dd@445b9009_ARCHIVE_LOCATION">d:/Project/CPU/ip_repo/Ultrasonic_1.0</xilinx:tag>
        <xilinx:tag xilinx:name="ui.data.coregen.dd@30ebdb10_ARCHIVE_LOCATION">d:/Project/CPU/ip_repo/Ultrasonic_1.0</xilinx:tag>
        <xilinx:tag xilinx:name="ui.data.coregen.dd@49e6b5b6_ARCHIVE_LOCATION">d:/Project/CPU/ip_repo/Ultrasonic_1.0</xilinx:tag>
        <xilinx:tag xilinx:name="ui.data.coregen.dd@47b8203d_ARCHIVE_LOCATION">d:/Project/CPU/ip_repo/Ultrasonic_1.0</xilinx:tag>
        <xilinx:tag xilinx:name="ui.data.coregen.dd@640d310d_ARCHIVE_LOCATION">d:/Project/CPU/ip_repo/Ultrasonic_1.0</xilinx:tag>
        <xilinx:tag xilinx:name="ui.data.coregen.dd@501cd52b_ARCHIVE_LOCATION">d:/Project/CPU/ip_repo/Ultrasonic_1.0</xilinx:tag>
        <xilinx:tag xilinx:name="ui.data.coregen.dd@4df68c40_ARCHIVE_LOCATION">d:/Project/CPU/ip_repo/Ultrasonic_1.0</xilinx:tag>
        <xilinx:tag xilinx:name="ui.data.coregen.dd@65e6fd4_ARCHIVE_LOCATION">d:/Project/CPU/ip_repo/Ultrasonic_1.0</xilinx:tag>
        <xilinx:tag xilinx:name="ui.data.coregen.dd@d73c83a_ARCHIVE_LOCATION">d:/Project/CPU/ip_repo/Ultrasonic_1.0</xilinx:tag>
        <xilinx:tag xilinx:name="ui.data.coregen.dd@47bcb1f1_ARCHIVE_LOCATION">d:/Project/CPU/ip_repo/Ultrasonic_1.0</xilinx:tag>
        <xilinx:tag xilinx:name="ui.data.coregen.dd@2d4127b_ARCHIVE_LOCATION">d:/Project/CPU/ip_repo/Ultrasonic_1.0</xilinx:tag>
        <xilinx:tag xilinx:name="ui.data.coregen.dd@70c49978_ARCHIVE_LOCATION">d:/Project/CPU/ip_repo/Ultrasonic_1.0</xilinx:tag>
        <xilinx:tag xilinx:name="ui.data.coregen.dd@cedc9e5_ARCHIVE_LOCATION">d:/Project/CPU/ip_repo/Ultrasonic_1.0</xilinx:tag>
        <xilinx:tag xilinx:name="ui.data.coregen.dd@3477f975_ARCHIVE_LOCATION">d:/Project/CPU/ip_repo/Ultrasonic_1.0</xilinx:tag>
        <xilinx:tag xilinx:name="ui.data.coregen.dd@5c445e2d_ARCHIVE_LOCATION">d:/Project/CPU/ip_repo/Ultrasonic_1.0</xilinx:tag>
      </xilinx:tags>
    </xilinx:coreExtensions>
    <xilinx:packagingInfo>
      <xilinx:xilinxVersion>2020.2</xilinx:xilinxVersion>
      <xilinx:checksum xilinx:scope="busInterfaces" xilinx:value="7a63f3fc"/>
      <xilinx:checksum xilinx:scope="memoryMaps" xilinx:value="ed1368d5"/>
      <xilinx:checksum xilinx:scope="fileGroups" xilinx:value="c27eb797"/>
      <xilinx:checksum xilinx:scope="ports" xilinx:value="ad66bc83"/>
      <xilinx:checksum xilinx:scope="hdlParameters" xilinx:value="6992ea72"/>
      <xilinx:checksum xilinx:scope="parameters" xilinx:value="352168d9"/>
    </xilinx:packagingInfo>
  </spirit:vendorExtensions>
</spirit:component>
