<?xml version="1.0" encoding="UTF-8"?>
<spirit:component xmlns:xilinx="http://www.xilinx.com" xmlns:spirit="http://www.spiritconsortium.org/XMLSchema/SPIRIT/1685-2009" xmlns:xsi="http://www.w3.org/2001/XMLSchema-instance">
  <spirit:vendor>xilinx.com</spirit:vendor>
  <spirit:library>user</spirit:library>
  <spirit:name>DHT11</spirit:name>
  <spirit:version>1.0</spirit:version>
  <spirit:busInterfaces>
    <spirit:busInterface>
      <spirit:name>S00_AXI</spirit:name>
      <spirit:busType spirit:vendor="xilinx.com" spirit:library="interface" spirit:name="aximm" spirit:version="1.0"/>
      <spirit:abstractionType spirit:vendor="xilinx.com" spirit:library="interface" spirit:name="aximm_rtl" spirit:version="1.0"/>
      <spirit:slave>
        <spirit:memoryMapRef spirit:memoryMapRef="S00_AXI"/>
      </spirit:slave>
      <spirit:portMaps>
        <spirit:portMap>
          <spirit:logicalPort>
            <spirit:name>AWADDR</spirit:name>
          </spirit:logicalPort>
          <spirit:physicalPort>
            <spirit:name>s00_axi_awaddr</spirit:name>
          </spirit:physicalPort>
        </spirit:portMap>
        <spirit:portMap>
          <spirit:logicalPort>
            <spirit:name>AWPROT</spirit:name>
          </spirit:logicalPort>
          <spirit:physicalPort>
            <spirit:name>s00_axi_awprot</spirit:name>
          </spirit:physicalPort>
        </spirit:portMap>
        <spirit:portMap>
          <spirit:logicalPort>
            <spirit:name>AWVALID</spirit:name>
          </spirit:logicalPort>
          <spirit:physicalPort>
            <spirit:name>s00_axi_awvalid</spirit:name>
          </spirit:physicalPort>
        </spirit:portMap>
        <spirit:portMap>
          <spirit:logicalPort>
            <spirit:name>AWREADY</spirit:name>
          </spirit:logicalPort>
          <spirit:physicalPort>
            <spirit:name>s00_axi_awready</spirit:name>
          </spirit:physicalPort>
        </spirit:portMap>
        <spirit:portMap>
          <spirit:logicalPort>
            <spirit:name>WDATA</spirit:name>
          </spirit:logicalPort>
          <spirit:physicalPort>
            <spirit:name>s00_axi_wdata</spirit:name>
          </spirit:physicalPort>
        </spirit:portMap>
        <spirit:portMap>
          <spirit:logicalPort>
            <spirit:name>WSTRB</spirit:name>
          </spirit:logicalPort>
          <spirit:physicalPort>
            <spirit:name>s00_axi_wstrb</spirit:name>
          </spirit:physicalPort>
        </spirit:portMap>
        <spirit:portMap>
          <spirit:logicalPort>
            <spirit:name>WVALID</spirit:name>
          </spirit:logicalPort>
          <spirit:physicalPort>
            <spirit:name>s00_axi_wvalid</spirit:name>
          </spirit:physicalPort>
        </spirit:portMap>
        <spirit:portMap>
          <spirit:logicalPort>
            <spirit:name>WREADY</spirit:name>
          </spirit:logicalPort>
          <spirit:physicalPort>
            <spirit:name>s00_axi_wready</spirit:name>
          </spirit:physicalPort>
        </spirit:portMap>
        <spirit:portMap>
          <spirit:logicalPort>
            <spirit:name>BRESP</spirit:name>
          </spirit:logicalPort>
          <spirit:physicalPort>
            <spirit:name>s00_axi_bresp</spirit:name>
          </spirit:physicalPort>
        </spirit:portMap>
        <spirit:portMap>
          <spirit:logicalPort>
            <spirit:name>BVALID</spirit:name>
          </spirit:logicalPort>
          <spirit:physicalPort>
            <spirit:name>s00_axi_bvalid</spirit:name>
          </spirit:physicalPort>
        </spirit:portMap>
        <spirit:portMap>
          <spirit:logicalPort>
            <spirit:name>BREADY</spirit:name>
          </spirit:logicalPort>
          <spirit:physicalPort>
            <spirit:name>s00_axi_bready</spirit:name>
          </spirit:physicalPort>
        </spirit:portMap>
        <spirit:portMap>
          <spirit:logicalPort>
            <spirit:name>ARADDR</spirit:name>
          </spirit:logicalPort>
          <spirit:physicalPort>
            <spirit:name>s00_axi_araddr</spirit:name>
          </spirit:physicalPort>
        </spirit:portMap>
        <spirit:portMap>
          <spirit:logicalPort>
            <spirit:name>ARPROT</spirit:name>
          </spirit:logicalPort>
          <spirit:physicalPort>
            <spirit:name>s00_axi_arprot</spirit:name>
          </spirit:physicalPort>
        </spirit:portMap>
        <spirit:portMap>
          <spirit:logicalPort>
            <spirit:name>ARVALID</spirit:name>
          </spirit:logicalPort>
          <spirit:physicalPort>
            <spirit:name>s00_axi_arvalid</spirit:name>
          </spirit:physicalPort>
        </spirit:portMap>
        <spirit:portMap>
          <spirit:logicalPort>
            <spirit:name>ARREADY</spirit:name>
          </spirit:logicalPort>
          <spirit:physicalPort>
            <spirit:name>s00_axi_arready</spirit:name>
          </spirit:physicalPort>
        </spirit:portMap>
        <spirit:portMap>
          <spirit:logicalPort>
            <spirit:name>RDATA</spirit:name>
          </spirit:logicalPort>
          <spirit:physicalPort>
            <spirit:name>s00_axi_rdata</spirit:name>
          </spirit:physicalPort>
        </spirit:portMap>
        <spirit:portMap>
          <spirit:logicalPort>
            <spirit:name>RRESP</spirit:name>
          </spirit:logicalPort>
          <spirit:physicalPort>
            <spirit:name>s00_axi_rresp</spirit:name>
          </spirit:physicalPort>
        </spirit:portMap>
        <spirit:portMap>
          <spirit:logicalPort>
            <spirit:name>RVALID</spirit:name>
          </spirit:logicalPort>
          <spirit:physicalPort>
            <spirit:name>s00_axi_rvalid</spirit:name>
          </spirit:physicalPort>
        </spirit:portMap>
        <spirit:portMap>
          <spirit:logicalPort>
            <spirit:name>RREADY</spirit:name>
          </spirit:logicalPort>
          <spirit:physicalPort>
            <spirit:name>s00_axi_rready</spirit:name>
          </spirit:physicalPort>
        </spirit:portMap>
      </spirit:portMaps>
      <spirit:parameters>
        <spirit:parameter>
          <spirit:name>WIZ_DATA_WIDTH</spirit:name>
          <spirit:value spirit:format="long" spirit:id="BUSIFPARAM_VALUE.S00_AXI.WIZ_DATA_WIDTH" spirit:choiceRef="choice_list_6fc15197">32</spirit:value>
        </spirit:parameter>
        <spirit:parameter>
          <spirit:name>WIZ_NUM_REG</spirit:name>
          <spirit:value spirit:format="long" spirit:id="BUSIFPARAM_VALUE.S00_AXI.WIZ_NUM_REG" spirit:minimum="4" spirit:maximum="512" spirit:rangeType="long">6</spirit:value>
        </spirit:parameter>
        <spirit:parameter>
          <spirit:name>SUPPORTS_NARROW_BURST</spirit:name>
          <spirit:value spirit:format="long" spirit:id="BUSIFPARAM_VALUE.S00_AXI.SUPPORTS_NARROW_BURST" spirit:choiceRef="choice_pairs_ce1226b1">0</spirit:value>
        </spirit:parameter>
      </spirit:parameters>
    </spirit:busInterface>
    <spirit:busInterface>
      <spirit:name>S00_AXI_RST</spirit:name>
      <spirit:busType spirit:vendor="xilinx.com" spirit:library="signal" spirit:name="reset" spirit:version="1.0"/>
      <spirit:abstractionType spirit:vendor="xilinx.com" spirit:library="signal" spirit:name="reset_rtl" spirit:version="1.0"/>
      <spirit:slave/>
      <spirit:portMaps>
        <spirit:portMap>
          <spirit:logicalPort>
            <spirit:name>RST</spirit:name>
          </spirit:logicalPort>
          <spirit:physicalPort>
            <spirit:name>s00_axi_aresetn</spirit:name>
          </spirit:physicalPort>
        </spirit:portMap>
      </spirit:portMaps>
      <spirit:parameters>
        <spirit:parameter>
          <spirit:name>POLARITY</spirit:name>
          <spirit:value spirit:id="BUSIFPARAM_VALUE.S00_AXI_RST.POLARITY" spirit:choiceRef="choice_list_9d8b0d81">ACTIVE_LOW</spirit:value>
        </spirit:parameter>
      </spirit:parameters>
    </spirit:busInterface>
    <spirit:busInterface>
      <spirit:name>S00_AXI_CLK</spirit:name>
      <spirit:busType spirit:vendor="xilinx.com" spirit:library="signal" spirit:name="clock" spirit:version="1.0"/>
      <spirit:abstractionType spirit:vendor="xilinx.com" spirit:library="signal" spirit:name="clock_rtl" spirit:version="1.0"/>
      <spirit:slave/>
      <spirit:portMaps>
        <spirit:portMap>
          <spirit:logicalPort>
            <spirit:name>CLK</spirit:name>
          </spirit:logicalPort>
          <spirit:physicalPort>
            <spirit:name>s00_axi_aclk</spirit:name>
          </spirit:physicalPort>
        </spirit:portMap>
      </spirit:portMaps>
      <spirit:parameters>
        <spirit:parameter>
          <spirit:name>ASSOCIATED_BUSIF</spirit:name>
          <spirit:value spirit:id="BUSIFPARAM_VALUE.S00_AXI_CLK.ASSOCIATED_BUSIF">S00_AXI</spirit:value>
        </spirit:parameter>
        <spirit:parameter>
          <spirit:name>ASSOCIATED_RESET</spirit:name>
          <spirit:value spirit:id="BUSIFPARAM_VALUE.S00_AXI_CLK.ASSOCIATED_RESET">s00_axi_aresetn</spirit:value>
        </spirit:parameter>
      </spirit:parameters>
    </spirit:busInterface>
  </spirit:busInterfaces>
  <spirit:memoryMaps>
    <spirit:memoryMap>
      <spirit:name>S00_AXI</spirit:name>
      <spirit:addressBlock>
        <spirit:name>S00_AXI_reg</spirit:name>
        <spirit:baseAddress spirit:format="long" spirit:resolve="user">0</spirit:baseAddress>
        <spirit:range spirit:format="long">4096</spirit:range>
        <spirit:width spirit:format="long">32</spirit:width>
        <spirit:usage>register</spirit:usage>
        <spirit:parameters>
          <spirit:parameter>
            <spirit:name>OFFSET_BASE_PARAM</spirit:name>
            <spirit:value spirit:id="ADDRBLOCKPARAM_VALUE.S00_AXI.S00_AXI_REG.OFFSET_BASE_PARAM">C_S00_AXI_BASEADDR</spirit:value>
          </spirit:parameter>
          <spirit:parameter>
            <spirit:name>OFFSET_HIGH_PARAM</spirit:name>
            <spirit:value spirit:id="ADDRBLOCKPARAM_VALUE.S00_AXI.S00_AXI_REG.OFFSET_HIGH_PARAM">C_S00_AXI_HIGHADDR</spirit:value>
          </spirit:parameter>
        </spirit:parameters>
      </spirit:addressBlock>
    </spirit:memoryMap>
  </spirit:memoryMaps>
  <spirit:model>
    <spirit:views>
      <spirit:view>
        <spirit:name>xilinx_verilogsynthesis</spirit:name>
        <spirit:displayName>Verilog Synthesis</spirit:displayName>
        <spirit:envIdentifier>verilogSource:vivado.xilinx.com:synthesis</spirit:envIdentifier>
        <spirit:language>verilog</spirit:language>
        <spirit:modelName>DHT11_v1_0</spirit:modelName>
        <spirit:fileSetRef>
          <spirit:localName>xilinx_verilogsynthesis_view_fileset</spirit:localName>
        </spirit:fileSetRef>
        <spirit:parameters>
          <spirit:parameter>
            <spirit:name>viewChecksum</spirit:name>
            <spirit:value>48e3ebd1</spirit:value>
          </spirit:parameter>
        </spirit:parameters>
      </spirit:view>
      <spirit:view>
        <spirit:name>xilinx_verilogbehavioralsimulation</spirit:name>
        <spirit:displayName>Verilog Simulation</spirit:displayName>
        <spirit:envIdentifier>verilogSource:vivado.xilinx.com:simulation</spirit:envIdentifier>
        <spirit:language>verilog</spirit:language>
        <spirit:modelName>DHT11_v1_0</spirit:modelName>
        <spirit:fileSetRef>
          <spirit:localName>xilinx_verilogbehavioralsimulation_view_fileset</spirit:localName>
        </spirit:fileSetRef>
        <spirit:parameters>
          <spirit:parameter>
            <spirit:name>viewChecksum</spirit:name>
            <spirit:value>48e3ebd1</spirit:value>
          </spirit:parameter>
        </spirit:parameters>
      </spirit:view>
      <spirit:view>
        <spirit:name>xilinx_softwaredriver</spirit:name>
        <spirit:displayName>Software Driver</spirit:displayName>
        <spirit:envIdentifier>:vivado.xilinx.com:sw.driver</spirit:envIdentifier>
        <spirit:fileSetRef>
          <spirit:localName>xilinx_softwaredriver_view_fileset</spirit:localName>
        </spirit:fileSetRef>
        <spirit:parameters>
          <spirit:parameter>
            <spirit:name>viewChecksum</spirit:name>
            <spirit:value>ce094037</spirit:value>
          </spirit:parameter>
        </spirit:parameters>
      </spirit:view>
      <spirit:view>
        <spirit:name>xilinx_xpgui</spirit:name>
        <spirit:displayName>UI Layout</spirit:displayName>
        <spirit:envIdentifier>:vivado.xilinx.com:xgui.ui</spirit:envIdentifier>
        <spirit:fileSetRef>
          <spirit:localName>xilinx_xpgui_view_fileset</spirit:localName>
        </spirit:fileSetRef>
        <spirit:parameters>
          <spirit:parameter>
            <spirit:name>viewChecksum</spirit:name>
            <spirit:value>0e5443b4</spirit:value>
          </spirit:parameter>
        </spirit:parameters>
      </spirit:view>
      <spirit:view>
        <spirit:name>bd_tcl</spirit:name>
        <spirit:displayName>Block Diagram</spirit:displayName>
        <spirit:envIdentifier>:vivado.xilinx.com:block.diagram</spirit:envIdentifier>
        <spirit:fileSetRef>
          <spirit:localName>bd_tcl_view_fileset</spirit:localName>
        </spirit:fileSetRef>
        <spirit:parameters>
          <spirit:parameter>
            <spirit:name>viewChecksum</spirit:name>
            <spirit:value>16328387</spirit:value>
          </spirit:parameter>
        </spirit:parameters>
      </spirit:view>
    </spirit:views>
    <spirit:ports>
      <spirit:port>
        <spirit:name>data_io</spirit:name>
        <spirit:wire>
          <spirit:direction>inout</spirit:direction>
          <spirit:wireTypeDefs>
            <spirit:wireTypeDef>
              <spirit:typeName>std_logic</spirit:typeName>
              <spirit:viewNameRef>xilinx_verilogsynthesis</spirit:viewNameRef>
              <spirit:viewNameRef>xilinx_verilogbehavioralsimulation</spirit:viewNameRef>
            </spirit:wireTypeDef>
          </spirit:wireTypeDefs>
        </spirit:wire>
      </spirit:port>
      <spirit:port>
        <spirit:name>s00_axi_aclk</spirit:name>
        <spirit:wire>
          <spirit:direction>in</spirit:direction>
          <spirit:wireTypeDefs>
            <spirit:wireTypeDef>
              <spirit:typeName>wire</spirit:typeName>
              <spirit:viewNameRef>xilinx_verilogsynthesis</spirit:viewNameRef>
              <spirit:viewNameRef>xilinx_verilogbehavioralsimulation</spirit:viewNameRef>
            </spirit:wireTypeDef>
          </spirit:wireTypeDefs>
        </spirit:wire>
      </spirit:port>
      <spirit:port>
        <spirit:name>s00_axi_aresetn</spirit:name>
        <spirit:wire>
          <spirit:direction>in</spirit:direction>
          <spirit:wireTypeDefs>
            <spirit:wireTypeDef>
              <spirit:typeName>wire</spirit:typeName>
              <spirit:viewNameRef>xilinx_verilogsynthesis</spirit:viewNameRef>
              <spirit:viewNameRef>xilinx_verilogbehavioralsimulation</spirit:viewNameRef>
            </spirit:wireTypeDef>
          </spirit:wireTypeDefs>
        </spirit:wire>
      </spirit:port>
      <spirit:port>
        <spirit:name>s00_axi_awaddr</spirit:name>
        <spirit:wire>
          <spirit:direction>in</spirit:direction>
          <spirit:vector>
            <spirit:left spirit:format="long" spirit:resolve="dependent" spirit:dependency="(spirit:decode(id(&apos;MODELPARAM_VALUE.C_S00_AXI_ADDR_WIDTH&apos;)) - 1)">4</spirit:left>
            <spirit:right spirit:format="long">0</spirit:right>
          </spirit:vector>
          <spirit:wireTypeDefs>
            <spirit:wireTypeDef>
              <spirit:typeName>wire</spirit:typeName>
              <spirit:viewNameRef>xilinx_verilogsynthesis</spirit:viewNameRef>
              <spirit:viewNameRef>xilinx_verilogbehavioralsimulation</spirit:viewNameRef>
            </spirit:wireTypeDef>
          </spirit:wireTypeDefs>
        </spirit:wire>
      </spirit:port>
      <spirit:port>
        <spirit:name>s00_axi_awprot</spirit:name>
        <spirit:wire>
          <spirit:direction>in</spirit:direction>
          <spirit:vector>
            <spirit:left spirit:format="long">2</spirit:left>
            <spirit:right spirit:format="long">0</spirit:right>
          </spirit:vector>
          <spirit:wireTypeDefs>
            <spirit:wireTypeDef>
              <spirit:typeName>wire</spirit:typeName>
              <spirit:viewNameRef>xilinx_verilogsynthesis</spirit:viewNameRef>
              <spirit:viewNameRef>xilinx_verilogbehavioralsimulation</spirit:viewNameRef>
            </spirit:wireTypeDef>
          </spirit:wireTypeDefs>
        </spirit:wire>
      </spirit:port>
      <spirit:port>
        <spirit:name>s00_axi_awvalid</spirit:name>
        <spirit:wire>
          <spirit:direction>in</spirit:direction>
          <spirit:wireTypeDefs>
            <spirit:wireTypeDef>
              <spirit:typeName>wire</spirit:typeName>
              <spirit:viewNameRef>xilinx_verilogsynthesis</spirit:viewNameRef>
              <spirit:viewNameRef>xilinx_verilogbehavioralsimulation</spirit:viewNameRef>
            </spirit:wireTypeDef>
          </spirit:wireTypeDefs>
        </spirit:wire>
      </spirit:port>
      <spirit:port>
        <spirit:name>s00_axi_awready</spirit:name>
        <spirit:wire>
          <spirit:direction>out</spirit:direction>
          <spirit:wireTypeDefs>
            <spirit:wireTypeDef>
              <spirit:typeName>wire</spirit:typeName>
              <spirit:viewNameRef>xilinx_verilogsynthesis</spirit:viewNameRef>
              <spirit:viewNameRef>xilinx_verilogbehavioralsimulation</spirit:viewNameRef>
            </spirit:wireTypeDef>
          </spirit:wireTypeDefs>
        </spirit:wire>
      </spirit:port>
      <spirit:port>
        <spirit:name>s00_axi_wdata</spirit:name>
        <spirit:wire>
          <spirit:direction>in</spirit:direction>
          <spirit:vector>
            <spirit:left spirit:format="long" spirit:resolve="dependent" spirit:dependency="(spirit:decode(id(&apos;MODELPARAM_VALUE.C_S00_AXI_DATA_WIDTH&apos;)) - 1)">31</spirit:left>
            <spirit:right spirit:format="long">0</spirit:right>
          </spirit:vector>
          <spirit:wireTypeDefs>
            <spirit:wireTypeDef>
              <spirit:typeName>wire</spirit:typeName>
              <spirit:viewNameRef>xilinx_verilogsynthesis</spirit:viewNameRef>
              <spirit:viewNameRef>xilinx_verilogbehavioralsimulation</spirit:viewNameRef>
            </spirit:wireTypeDef>
          </spirit:wireTypeDefs>
        </spirit:wire>
      </spirit:port>
      <spirit:port>
        <spirit:name>s00_axi_wstrb</spirit:name>
        <spirit:wire>
          <spirit:direction>in</spirit:direction>
          <spirit:vector>
            <spirit:left spirit:format="long" spirit:resolve="dependent" spirit:dependency="((spirit:decode(id(&apos;MODELPARAM_VALUE.C_S00_AXI_DATA_WIDTH&apos;)) / 8) - 1)">3</spirit:left>
            <spirit:right spirit:format="long">0</spirit:right>
          </spirit:vector>
          <spirit:wireTypeDefs>
            <spirit:wireTypeDef>
              <spirit:typeName>wire</spirit:typeName>
              <spirit:viewNameRef>xilinx_verilogsynthesis</spirit:viewNameRef>
              <spirit:viewNameRef>xilinx_verilogbehavioralsimulation</spirit:viewNameRef>
            </spirit:wireTypeDef>
          </spirit:wireTypeDefs>
        </spirit:wire>
      </spirit:port>
      <spirit:port>
        <spirit:name>s00_axi_wvalid</spirit:name>
        <spirit:wire>
          <spirit:direction>in</spirit:direction>
          <spirit:wireTypeDefs>
            <spirit:wireTypeDef>
              <spirit:typeName>wire</spirit:typeName>
              <spirit:viewNameRef>xilinx_verilogsynthesis</spirit:viewNameRef>
              <spirit:viewNameRef>xilinx_verilogbehavioralsimulation</spirit:viewNameRef>
            </spirit:wireTypeDef>
          </spirit:wireTypeDefs>
        </spirit:wire>
      </spirit:port>
      <spirit:port>
        <spirit:name>s00_axi_wready</spirit:name>
        <spirit:wire>
          <spirit:direction>out</spirit:direction>
          <spirit:wireTypeDefs>
            <spirit:wireTypeDef>
              <spirit:typeName>wire</spirit:typeName>
              <spirit:viewNameRef>xilinx_verilogsynthesis</spirit:viewNameRef>
              <spirit:viewNameRef>xilinx_verilogbehavioralsimulation</spirit:viewNameRef>
            </spirit:wireTypeDef>
          </spirit:wireTypeDefs>
        </spirit:wire>
      </spirit:port>
      <spirit:port>
        <spirit:name>s00_axi_bresp</spirit:name>
        <spirit:wire>
          <spirit:direction>out</spirit:direction>
          <spirit:vector>
            <spirit:left spirit:format="long">1</spirit:left>
            <spirit:right spirit:format="long">0</spirit:right>
          </spirit:vector>
          <spirit:wireTypeDefs>
            <spirit:wireTypeDef>
              <spirit:typeName>wire</spirit:typeName>
              <spirit:viewNameRef>xilinx_verilogsynthesis</spirit:viewNameRef>
              <spirit:viewNameRef>xilinx_verilogbehavioralsimulation</spirit:viewNameRef>
            </spirit:wireTypeDef>
          </spirit:wireTypeDefs>
        </spirit:wire>
      </spirit:port>
      <spirit:port>
        <spirit:name>s00_axi_bvalid</spirit:name>
        <spirit:wire>
          <spirit:direction>out</spirit:direction>
          <spirit:wireTypeDefs>
            <spirit:wireTypeDef>
              <spirit:typeName>wire</spirit:typeName>
              <spirit:viewNameRef>xilinx_verilogsynthesis</spirit:viewNameRef>
              <spirit:viewNameRef>xilinx_verilogbehavioralsimulation</spirit:viewNameRef>
            </spirit:wireTypeDef>
          </spirit:wireTypeDefs>
        </spirit:wire>
      </spirit:port>
      <spirit:port>
        <spirit:name>s00_axi_bready</spirit:name>
        <spirit:wire>
          <spirit:direction>in</spirit:direction>
          <spirit:wireTypeDefs>
            <spirit:wireTypeDef>
              <spirit:typeName>wire</spirit:typeName>
              <spirit:viewNameRef>xilinx_verilogsynthesis</spirit:viewNameRef>
              <spirit:viewNameRef>xilinx_verilogbehavioralsimulation</spirit:viewNameRef>
            </spirit:wireTypeDef>
          </spirit:wireTypeDefs>
        </spirit:wire>
      </spirit:port>
      <spirit:port>
        <spirit:name>s00_axi_araddr</spirit:name>
        <spirit:wire>
          <spirit:direction>in</spirit:direction>
          <spirit:vector>
            <spirit:left spirit:format="long" spirit:resolve="dependent" spirit:dependency="(spirit:decode(id(&apos;MODELPARAM_VALUE.C_S00_AXI_ADDR_WIDTH&apos;)) - 1)">4</spirit:left>
            <spirit:right spirit:format="long">0</spirit:right>
          </spirit:vector>
          <spirit:wireTypeDefs>
            <spirit:wireTypeDef>
              <spirit:typeName>wire</spirit:typeName>
              <spirit:viewNameRef>xilinx_verilogsynthesis</spirit:viewNameRef>
              <spirit:viewNameRef>xilinx_verilogbehavioralsimulation</spirit:viewNameRef>
            </spirit:wireTypeDef>
          </spirit:wireTypeDefs>
        </spirit:wire>
      </spirit:port>
      <spirit:port>
        <spirit:name>s00_axi_arprot</spirit:name>
        <spirit:wire>
          <spirit:direction>in</spirit:direction>
          <spirit:vector>
            <spirit:left spirit:format="long">2</spirit:left>
            <spirit:right spirit:format="long">0</spirit:right>
          </spirit:vector>
          <spirit:wireTypeDefs>
            <spirit:wireTypeDef>
              <spirit:typeName>wire</spirit:typeName>
              <spirit:viewNameRef>xilinx_verilogsynthesis</spirit:viewNameRef>
              <spirit:viewNameRef>xilinx_verilogbehavioralsimulation</spirit:viewNameRef>
            </spirit:wireTypeDef>
          </spirit:wireTypeDefs>
        </spirit:wire>
      </spirit:port>
      <spirit:port>
        <spirit:name>s00_axi_arvalid</spirit:name>
        <spirit:wire>
          <spirit:direction>in</spirit:direction>
          <spirit:wireTypeDefs>
            <spirit:wireTypeDef>
              <spirit:typeName>wire</spirit:typeName>
              <spirit:viewNameRef>xilinx_verilogsynthesis</spirit:viewNameRef>
              <spirit:viewNameRef>xilinx_verilogbehavioralsimulation</spirit:viewNameRef>
            </spirit:wireTypeDef>
          </spirit:wireTypeDefs>
        </spirit:wire>
      </spirit:port>
      <spirit:port>
        <spirit:name>s00_axi_arready</spirit:name>
        <spirit:wire>
          <spirit:direction>out</spirit:direction>
          <spirit:wireTypeDefs>
            <spirit:wireTypeDef>
              <spirit:typeName>wire</spirit:typeName>
              <spirit:viewNameRef>xilinx_verilogsynthesis</spirit:viewNameRef>
              <spirit:viewNameRef>xilinx_verilogbehavioralsimulation</spirit:viewNameRef>
            </spirit:wireTypeDef>
          </spirit:wireTypeDefs>
        </spirit:wire>
      </spirit:port>
      <spirit:port>
        <spirit:name>s00_axi_rdata</spirit:name>
        <spirit:wire>
          <spirit:direction>out</spirit:direction>
          <spirit:vector>
            <spirit:left spirit:format="long" spirit:resolve="dependent" spirit:dependency="(spirit:decode(id(&apos;MODELPARAM_VALUE.C_S00_AXI_DATA_WIDTH&apos;)) - 1)">31</spirit:left>
            <spirit:right spirit:format="long">0</spirit:right>
          </spirit:vector>
          <spirit:wireTypeDefs>
            <spirit:wireTypeDef>
              <spirit:typeName>wire</spirit:typeName>
              <spirit:viewNameRef>xilinx_verilogsynthesis</spirit:viewNameRef>
              <spirit:viewNameRef>xilinx_verilogbehavioralsimulation</spirit:viewNameRef>
            </spirit:wireTypeDef>
          </spirit:wireTypeDefs>
        </spirit:wire>
      </spirit:port>
      <spirit:port>
        <spirit:name>s00_axi_rresp</spirit:name>
        <spirit:wire>
          <spirit:direction>out</spirit:direction>
          <spirit:vector>
            <spirit:left spirit:format="long">1</spirit:left>
            <spirit:right spirit:format="long">0</spirit:right>
          </spirit:vector>
          <spirit:wireTypeDefs>
            <spirit:wireTypeDef>
              <spirit:typeName>wire</spirit:typeName>
              <spirit:viewNameRef>xilinx_verilogsynthesis</spirit:viewNameRef>
              <spirit:viewNameRef>xilinx_verilogbehavioralsimulation</spirit:viewNameRef>
            </spirit:wireTypeDef>
          </spirit:wireTypeDefs>
        </spirit:wire>
      </spirit:port>
      <spirit:port>
        <spirit:name>s00_axi_rvalid</spirit:name>
        <spirit:wire>
          <spirit:direction>out</spirit:direction>
          <spirit:wireTypeDefs>
            <spirit:wireTypeDef>
              <spirit:typeName>wire</spirit:typeName>
              <spirit:viewNameRef>xilinx_verilogsynthesis</spirit:viewNameRef>
              <spirit:viewNameRef>xilinx_verilogbehavioralsimulation</spirit:viewNameRef>
            </spirit:wireTypeDef>
          </spirit:wireTypeDefs>
        </spirit:wire>
      </spirit:port>
      <spirit:port>
        <spirit:name>s00_axi_rready</spirit:name>
        <spirit:wire>
          <spirit:direction>in</spirit:direction>
          <spirit:wireTypeDefs>
            <spirit:wireTypeDef>
              <spirit:typeName>wire</spirit:typeName>
              <spirit:viewNameRef>xilinx_verilogsynthesis</spirit:viewNameRef>
              <spirit:viewNameRef>xilinx_verilogbehavioralsimulation</spirit:viewNameRef>
            </spirit:wireTypeDef>
          </spirit:wireTypeDefs>
        </spirit:wire>
      </spirit:port>
    </spirit:ports>
    <spirit:modelParameters>
      <spirit:modelParameter xsi:type="spirit:nameValueTypeType" spirit:dataType="integer">
        <spirit:name>C_S00_AXI_DATA_WIDTH</spirit:name>
        <spirit:displayName>C S00 AXI DATA WIDTH</spirit:displayName>
        <spirit:description>Width of S_AXI data bus</spirit:description>
        <spirit:value spirit:format="long" spirit:resolve="generated" spirit:id="MODELPARAM_VALUE.C_S00_AXI_DATA_WIDTH" spirit:order="3" spirit:rangeType="long">32</spirit:value>
      </spirit:modelParameter>
      <spirit:modelParameter spirit:dataType="integer">
        <spirit:name>C_S00_AXI_ADDR_WIDTH</spirit:name>
        <spirit:displayName>C S00 AXI ADDR WIDTH</spirit:displayName>
        <spirit:description>Width of S_AXI address bus</spirit:description>
        <spirit:value spirit:format="long" spirit:resolve="generated" spirit:id="MODELPARAM_VALUE.C_S00_AXI_ADDR_WIDTH" spirit:order="4" spirit:rangeType="long">5</spirit:value>
      </spirit:modelParameter>
    </spirit:modelParameters>
  </spirit:model>
  <spirit:choices>
    <spirit:choice>
      <spirit:name>choice_list_6fc15197</spirit:name>
      <spirit:enumeration>32</spirit:enumeration>
    </spirit:choice>
    <spirit:choice>
      <spirit:name>choice_list_9d8b0d81</spirit:name>
      <spirit:enumeration>ACTIVE_HIGH</spirit:enumeration>
      <spirit:enumeration>ACTIVE_LOW</spirit:enumeration>
    </spirit:choice>
    <spirit:choice>
      <spirit:name>choice_pairs_ce1226b1</spirit:name>
      <spirit:enumeration spirit:text="true">1</spirit:enumeration>
      <spirit:enumeration spirit:text="false">0</spirit:enumeration>
    </spirit:choice>
  </spirit:choices>
  <spirit:fileSets>
    <spirit:fileSet>
      <spirit:name>xilinx_verilogsynthesis_view_fileset</spirit:name>
      <spirit:file>
        <spirit:name>hdl/DHT11_v1_0_S00_AXI.v</spirit:name>
        <spirit:fileType>verilogSource</spirit:fileType>
      </spirit:file>
      <spirit:file>
        <spirit:name>hdl/DHT11_v1_0.v</spirit:name>
        <spirit:fileType>verilogSource</spirit:fileType>
        <spirit:userFileType>CHECKSUM_7d225ae9</spirit:userFileType>
      </spirit:file>
    </spirit:fileSet>
    <spirit:fileSet>
      <spirit:name>xilinx_verilogbehavioralsimulation_view_fileset</spirit:name>
      <spirit:file>
        <spirit:name>hdl/DHT11_v1_0_S00_AXI.v</spirit:name>
        <spirit:fileType>verilogSource</spirit:fileType>
      </spirit:file>
      <spirit:file>
        <spirit:name>hdl/DHT11_v1_0.v</spirit:name>
        <spirit:fileType>verilogSource</spirit:fileType>
      </spirit:file>
    </spirit:fileSet>
    <spirit:fileSet>
      <spirit:name>xilinx_softwaredriver_view_fileset</spirit:name>
      <spirit:file>
        <spirit:name>drivers/DHT11_v1_0/data/DHT11.mdd</spirit:name>
        <spirit:userFileType>mdd</spirit:userFileType>
        <spirit:userFileType>driver_mdd</spirit:userFileType>
      </spirit:file>
      <spirit:file>
        <spirit:name>drivers/DHT11_v1_0/data/DHT11.tcl</spirit:name>
        <spirit:fileType>tclSource</spirit:fileType>
        <spirit:userFileType>driver_tcl</spirit:userFileType>
      </spirit:file>
      <spirit:file>
        <spirit:name>drivers/DHT11_v1_0/src/Makefile</spirit:name>
        <spirit:userFileType>driver_src</spirit:userFileType>
      </spirit:file>
      <spirit:file>
        <spirit:name>drivers/DHT11_v1_0/src/DHT11.h</spirit:name>
        <spirit:fileType>cSource</spirit:fileType>
        <spirit:userFileType>driver_src</spirit:userFileType>
      </spirit:file>
      <spirit:file>
        <spirit:name>drivers/DHT11_v1_0/src/DHT11.c</spirit:name>
        <spirit:fileType>cSource</spirit:fileType>
        <spirit:userFileType>driver_src</spirit:userFileType>
      </spirit:file>
      <spirit:file>
        <spirit:name>drivers/DHT11_v1_0/src/DHT11_selftest.c</spirit:name>
        <spirit:fileType>cSource</spirit:fileType>
        <spirit:userFileType>driver_src</spirit:userFileType>
      </spirit:file>
    </spirit:fileSet>
    <spirit:fileSet>
      <spirit:name>xilinx_xpgui_view_fileset</spirit:name>
      <spirit:file>
        <spirit:name>xgui/DHT11_v1_0.tcl</spirit:name>
        <spirit:fileType>tclSource</spirit:fileType>
        <spirit:userFileType>CHECKSUM_0e5443b4</spirit:userFileType>
        <spirit:userFileType>XGUI_VERSION_2</spirit:userFileType>
      </spirit:file>
    </spirit:fileSet>
    <spirit:fileSet>
      <spirit:name>bd_tcl_view_fileset</spirit:name>
      <spirit:file>
        <spirit:name>bd/bd.tcl</spirit:name>
        <spirit:fileType>tclSource</spirit:fileType>
      </spirit:file>
    </spirit:fileSet>
  </spirit:fileSets>
  <spirit:description>My new AXI IP</spirit:description>
  <spirit:parameters>
    <spirit:parameter>
      <spirit:name>C_S00_AXI_DATA_WIDTH</spirit:name>
      <spirit:displayName>C S00 AXI DATA WIDTH</spirit:displayName>
      <spirit:description>Width of S_AXI data bus</spirit:description>
      <spirit:value spirit:format="long" spirit:resolve="user" spirit:id="PARAM_VALUE.C_S00_AXI_DATA_WIDTH" spirit:choiceRef="choice_list_6fc15197" spirit:order="3">32</spirit:value>
      <spirit:vendorExtensions>
        <xilinx:parameterInfo>
          <xilinx:enablement>
            <xilinx:isEnabled xilinx:id="PARAM_ENABLEMENT.C_S00_AXI_DATA_WIDTH">false</xilinx:isEnabled>
          </xilinx:enablement>
        </xilinx:parameterInfo>
      </spirit:vendorExtensions>
    </spirit:parameter>
    <spirit:parameter>
      <spirit:name>C_S00_AXI_ADDR_WIDTH</spirit:name>
      <spirit:displayName>C S00 AXI ADDR WIDTH</spirit:displayName>
      <spirit:description>Width of S_AXI address bus</spirit:description>
      <spirit:value spirit:format="long" spirit:resolve="user" spirit:id="PARAM_VALUE.C_S00_AXI_ADDR_WIDTH" spirit:order="4" spirit:rangeType="long">5</spirit:value>
      <spirit:vendorExtensions>
        <xilinx:parameterInfo>
          <xilinx:enablement>
            <xilinx:isEnabled xilinx:id="PARAM_ENABLEMENT.C_S00_AXI_ADDR_WIDTH">false</xilinx:isEnabled>
          </xilinx:enablement>
        </xilinx:parameterInfo>
      </spirit:vendorExtensions>
    </spirit:parameter>
    <spirit:parameter>
      <spirit:name>C_S00_AXI_BASEADDR</spirit:name>
      <spirit:displayName>C S00 AXI BASEADDR</spirit:displayName>
      <spirit:value spirit:format="bitString" spirit:resolve="user" spirit:id="PARAM_VALUE.C_S00_AXI_BASEADDR" spirit:order="5" spirit:bitStringLength="32">0xFFFFFFFF</spirit:value>
      <spirit:vendorExtensions>
        <xilinx:parameterInfo>
          <xilinx:enablement>
            <xilinx:isEnabled xilinx:id="PARAM_ENABLEMENT.C_S00_AXI_BASEADDR">false</xilinx:isEnabled>
          </xilinx:enablement>
        </xilinx:parameterInfo>
      </spirit:vendorExtensions>
    </spirit:parameter>
    <spirit:parameter>
      <spirit:name>C_S00_AXI_HIGHADDR</spirit:name>
      <spirit:displayName>C S00 AXI HIGHADDR</spirit:displayName>
      <spirit:value spirit:format="bitString" spirit:resolve="user" spirit:id="PARAM_VALUE.C_S00_AXI_HIGHADDR" spirit:order="6" spirit:bitStringLength="32">0x00000000</spirit:value>
      <spirit:vendorExtensions>
        <xilinx:parameterInfo>
          <xilinx:enablement>
            <xilinx:isEnabled xilinx:id="PARAM_ENABLEMENT.C_S00_AXI_HIGHADDR">false</xilinx:isEnabled>
          </xilinx:enablement>
        </xilinx:parameterInfo>
      </spirit:vendorExtensions>
    </spirit:parameter>
    <spirit:parameter>
      <spirit:name>Component_Name</spirit:name>
      <spirit:value spirit:resolve="user" spirit:id="PARAM_VALUE.Component_Name" spirit:order="1">DHT11_v1_0</spirit:value>
    </spirit:parameter>
  </spirit:parameters>
  <spirit:vendorExtensions>
    <xilinx:coreExtensions>
      <xilinx:supportedFamilies>
        <xilinx:family xilinx:lifeCycle="Pre-Production">artix7</xilinx:family>
      </xilinx:supportedFamilies>
      <xilinx:taxonomies>
        <xilinx:taxonomy>AXI_Peripheral</xilinx:taxonomy>
      </xilinx:taxonomies>
      <xilinx:displayName>DHT11_v1.0</xilinx:displayName>
      <xilinx:coreRevision>8</xilinx:coreRevision>
      <xilinx:coreCreationDateTime>2025-03-14T09:20:41Z</xilinx:coreCreationDateTime>
      <xilinx:tags>
        <xilinx:tag xilinx:name="ui.data.coregen.dd@49d36cd7_ARCHIVE_LOCATION">d:/Project/CPU/ip_repo/DHT11_1.0</xilinx:tag>
        <xilinx:tag xilinx:name="ui.data.coregen.dd@6e7a2c08_ARCHIVE_LOCATION">d:/Project/CPU/ip_repo/DHT11_1.0</xilinx:tag>
        <xilinx:tag xilinx:name="ui.data.coregen.dd@1c744ab6_ARCHIVE_LOCATION">d:/Project/CPU/ip_repo/DHT11_1.0</xilinx:tag>
        <xilinx:tag xilinx:name="ui.data.coregen.dd@9755f2d_ARCHIVE_LOCATION">d:/Project/CPU/ip_repo/DHT11_1.0</xilinx:tag>
        <xilinx:tag xilinx:name="ui.data.coregen.dd@21fe8f02_ARCHIVE_LOCATION">d:/Project/CPU/ip_repo/DHT11_1.0</xilinx:tag>
        <xilinx:tag xilinx:name="ui.data.coregen.dd@cda9867_ARCHIVE_LOCATION">d:/Project/CPU/ip_repo/DHT11_1.0</xilinx:tag>
        <xilinx:tag xilinx:name="ui.data.coregen.dd@291df9e1_ARCHIVE_LOCATION">d:/Project/CPU/ip_repo/DHT11_1.0</xilinx:tag>
        <xilinx:tag xilinx:name="ui.data.coregen.dd@59a98be7_ARCHIVE_LOCATION">d:/Project/CPU/ip_repo/DHT11_1.0</xilinx:tag>
        <xilinx:tag xilinx:name="ui.data.coregen.dd@6b77719b_ARCHIVE_LOCATION">d:/Project/CPU/ip_repo/DHT11_1.0</xilinx:tag>
        <xilinx:tag xilinx:name="ui.data.coregen.dd@5f9770c8_ARCHIVE_LOCATION">d:/Project/CPU/ip_repo/DHT11_1.0</xilinx:tag>
        <xilinx:tag xilinx:name="ui.data.coregen.dd@4867498_ARCHIVE_LOCATION">d:/Project/CPU/ip_repo/DHT11_1.0</xilinx:tag>
        <xilinx:tag xilinx:name="ui.data.coregen.dd@2b81574a_ARCHIVE_LOCATION">d:/Project/CPU/ip_repo/DHT11_1.0</xilinx:tag>
        <xilinx:tag xilinx:name="ui.data.coregen.dd@506ff4af_ARCHIVE_LOCATION">d:/Project/CPU/ip_repo/DHT11_1.0</xilinx:tag>
        <xilinx:tag xilinx:name="ui.data.coregen.dd@cf29ff_ARCHIVE_LOCATION">d:/Project/CPU/ip_repo/DHT11_1.0</xilinx:tag>
        <xilinx:tag xilinx:name="ui.data.coregen.dd@3dc63ca4_ARCHIVE_LOCATION">d:/Project/CPU/ip_repo/DHT11_1.0</xilinx:tag>
        <xilinx:tag xilinx:name="ui.data.coregen.dd@2dd8e806_ARCHIVE_LOCATION">d:/Project/CPU/ip_repo/DHT11_1.0</xilinx:tag>
        <xilinx:tag xilinx:name="ui.data.coregen.dd@6046e13a_ARCHIVE_LOCATION">d:/Project/CPU/ip_repo/DHT11_1.0</xilinx:tag>
        <xilinx:tag xilinx:name="ui.data.coregen.dd@173eb8c5_ARCHIVE_LOCATION">d:/Project/CPU/ip_repo/DHT11_1.0</xilinx:tag>
        <xilinx:tag xilinx:name="ui.data.coregen.dd@56bda8c5_ARCHIVE_LOCATION">d:/Project/CPU/ip_repo/DHT11_1.0</xilinx:tag>
        <xilinx:tag xilinx:name="ui.data.coregen.dd@570a4a3c_ARCHIVE_LOCATION">d:/Project/CPU/ip_repo/DHT11_1.0</xilinx:tag>
        <xilinx:tag xilinx:name="ui.data.coregen.dd@359edd0f_ARCHIVE_LOCATION">d:/Project/CPU/ip_repo/DHT11_1.0</xilinx:tag>
        <xilinx:tag xilinx:name="ui.data.coregen.dd@4a039411_ARCHIVE_LOCATION">d:/Project/CPU/ip_repo/DHT11_1.0</xilinx:tag>
        <xilinx:tag xilinx:name="ui.data.coregen.dd@445981b6_ARCHIVE_LOCATION">d:/Project/CPU/ip_repo/DHT11_1.0</xilinx:tag>
        <xilinx:tag xilinx:name="ui.data.coregen.dd@187f88fa_ARCHIVE_LOCATION">d:/Project/CPU/ip_repo/DHT11_1.0</xilinx:tag>
        <xilinx:tag xilinx:name="ui.data.coregen.dd@338e1f79_ARCHIVE_LOCATION">d:/Project/CPU/ip_repo/DHT11_1.0</xilinx:tag>
        <xilinx:tag xilinx:name="ui.data.coregen.dd@71c76f6f_ARCHIVE_LOCATION">d:/Project/CPU/ip_repo/DHT11_1.0</xilinx:tag>
        <xilinx:tag xilinx:name="ui.data.coregen.dd@df16874_ARCHIVE_LOCATION">d:/Project/CPU/ip_repo/DHT11_1.0</xilinx:tag>
        <xilinx:tag xilinx:name="ui.data.coregen.dd@760c3a8f_ARCHIVE_LOCATION">d:/Project/CPU/ip_repo/DHT11_1.0</xilinx:tag>
        <xilinx:tag xilinx:name="ui.data.coregen.dd@7c14cdf3_ARCHIVE_LOCATION">d:/Project/CPU/ip_repo/DHT11_1.0</xilinx:tag>
        <xilinx:tag xilinx:name="ui.data.coregen.dd@3057dcef_ARCHIVE_LOCATION">d:/Project/CPU/ip_repo/DHT11_1.0</xilinx:tag>
        <xilinx:tag xilinx:name="ui.data.coregen.dd@1e37cc7_ARCHIVE_LOCATION">d:/Project/CPU/ip_repo/DHT11_1.0</xilinx:tag>
        <xilinx:tag xilinx:name="ui.data.coregen.dd@54692a03_ARCHIVE_LOCATION">d:/Project/CPU/ip_repo/DHT11_1.0</xilinx:tag>
        <xilinx:tag xilinx:name="ui.data.coregen.dd@1428003c_ARCHIVE_LOCATION">d:/Project/CPU/ip_repo/DHT11_1.0</xilinx:tag>
        <xilinx:tag xilinx:name="ui.data.coregen.dd@593ebd37_ARCHIVE_LOCATION">d:/Project/CPU/ip_repo/DHT11_1.0</xilinx:tag>
        <xilinx:tag xilinx:name="ui.data.coregen.dd@5669da55_ARCHIVE_LOCATION">d:/Project/CPU/ip_repo/DHT11_1.0</xilinx:tag>
        <xilinx:tag xilinx:name="ui.data.coregen.dd@12140d31_ARCHIVE_LOCATION">d:/Project/CPU/ip_repo/DHT11_1.0</xilinx:tag>
        <xilinx:tag xilinx:name="ui.data.coregen.dd@373b0b4f_ARCHIVE_LOCATION">d:/Project/CPU/ip_repo/DHT11_1.0</xilinx:tag>
        <xilinx:tag xilinx:name="ui.data.coregen.dd@1d6e1a51_ARCHIVE_LOCATION">d:/Project/CPU/ip_repo/DHT11_1.0</xilinx:tag>
        <xilinx:tag xilinx:name="ui.data.coregen.dd@f1057bc_ARCHIVE_LOCATION">d:/Project/CPU/ip_repo/DHT11_1.0</xilinx:tag>
        <xilinx:tag xilinx:name="ui.data.coregen.dd@1e269019_ARCHIVE_LOCATION">d:/Project/CPU/ip_repo/DHT11_1.0</xilinx:tag>
        <xilinx:tag xilinx:name="ui.data.coregen.dd@2c5d2b66_ARCHIVE_LOCATION">d:/Project/CPU/ip_repo/DHT11_1.0</xilinx:tag>
        <xilinx:tag xilinx:name="ui.data.coregen.dd@1af97bd0_ARCHIVE_LOCATION">d:/Project/CPU/ip_repo/DHT11_1.0</xilinx:tag>
        <xilinx:tag xilinx:name="ui.data.coregen.dd@4042cfca_ARCHIVE_LOCATION">d:/Project/CPU/ip_repo/DHT11_1.0</xilinx:tag>
        <xilinx:tag xilinx:name="ui.data.coregen.dd@f58c38a_ARCHIVE_LOCATION">d:/Project/CPU/ip_repo/DHT11_1.0</xilinx:tag>
        <xilinx:tag xilinx:name="ui.data.coregen.dd@2ba1bc1_ARCHIVE_LOCATION">d:/Project/CPU/ip_repo/DHT11_1.0</xilinx:tag>
        <xilinx:tag xilinx:name="ui.data.coregen.dd@37aedd1b_ARCHIVE_LOCATION">d:/Project/CPU/ip_repo/DHT11_1.0</xilinx:tag>
        <xilinx:tag xilinx:name="ui.data.coregen.dd@296f4d72_ARCHIVE_LOCATION">d:/Project/CPU/ip_repo/DHT11_1.0</xilinx:tag>
        <xilinx:tag xilinx:name="ui.data.coregen.dd@91609d6_ARCHIVE_LOCATION">d:/Project/CPU/ip_repo/DHT11_1.0</xilinx:tag>
        <xilinx:tag xilinx:name="ui.data.coregen.dd@74078b16_ARCHIVE_LOCATION">d:/Project/CPU/ip_repo/DHT11_1.0</xilinx:tag>
        <xilinx:tag xilinx:name="ui.data.coregen.dd@5ce347ac_ARCHIVE_LOCATION">d:/Project/CPU/ip_repo/DHT11_1.0</xilinx:tag>
        <xilinx:tag xilinx:name="ui.data.coregen.dd@1d536720_ARCHIVE_LOCATION">d:/Project/CPU/ip_repo/DHT11_1.0</xilinx:tag>
        <xilinx:tag xilinx:name="ui.data.coregen.dd@2bfbd89_ARCHIVE_LOCATION">d:/Project/CPU/ip_repo/DHT11_1.0</xilinx:tag>
        <xilinx:tag xilinx:name="ui.data.coregen.dd@545388e4_ARCHIVE_LOCATION">d:/Project/CPU/ip_repo/DHT11_1.0</xilinx:tag>
        <xilinx:tag xilinx:name="ui.data.coregen.dd@4e75ffb4_ARCHIVE_LOCATION">d:/Project/CPU/ip_repo/DHT11_1.0</xilinx:tag>
        <xilinx:tag xilinx:name="ui.data.coregen.dd@77370_ARCHIVE_LOCATION">d:/Project/CPU/ip_repo/DHT11_1.0</xilinx:tag>
        <xilinx:tag xilinx:name="ui.data.coregen.dd@15dcd67f_ARCHIVE_LOCATION">d:/Project/CPU/ip_repo/DHT11_1.0</xilinx:tag>
        <xilinx:tag xilinx:name="ui.data.coregen.dd@368f3205_ARCHIVE_LOCATION">d:/Project/CPU/ip_repo/DHT11_1.0</xilinx:tag>
        <xilinx:tag xilinx:name="ui.data.coregen.dd@7975cbff_ARCHIVE_LOCATION">d:/Project/CPU/ip_repo/DHT11_1.0</xilinx:tag>
        <xilinx:tag xilinx:name="ui.data.coregen.dd@620a6408_ARCHIVE_LOCATION">d:/Project/CPU/ip_repo/DHT11_1.0</xilinx:tag>
        <xilinx:tag xilinx:name="ui.data.coregen.dd@3c679d05_ARCHIVE_LOCATION">d:/Project/CPU/ip_repo/DHT11_1.0</xilinx:tag>
        <xilinx:tag xilinx:name="ui.data.coregen.dd@24c85e9a_ARCHIVE_LOCATION">d:/Project/CPU/ip_repo/DHT11_1.0</xilinx:tag>
        <xilinx:tag xilinx:name="ui.data.coregen.dd@4129670a_ARCHIVE_LOCATION">d:/Project/CPU/ip_repo/DHT11_1.0</xilinx:tag>
        <xilinx:tag xilinx:name="ui.data.coregen.dd@200a5cf4_ARCHIVE_LOCATION">d:/Project/CPU/ip_repo/DHT11_1.0</xilinx:tag>
        <xilinx:tag xilinx:name="ui.data.coregen.dd@51e9da21_ARCHIVE_LOCATION">d:/Project/CPU/ip_repo/DHT11_1.0</xilinx:tag>
        <xilinx:tag xilinx:name="ui.data.coregen.dd@6c0f2c96_ARCHIVE_LOCATION">d:/Project/CPU/ip_repo/DHT11_1.0</xilinx:tag>
        <xilinx:tag xilinx:name="ui.data.coregen.dd@3243c0b1_ARCHIVE_LOCATION">d:/Project/CPU/ip_repo/DHT11_1.0</xilinx:tag>
        <xilinx:tag xilinx:name="ui.data.coregen.dd@5339db60_ARCHIVE_LOCATION">d:/Project/CPU/ip_repo/DHT11_1.0</xilinx:tag>
        <xilinx:tag xilinx:name="ui.data.coregen.dd@31209556_ARCHIVE_LOCATION">d:/Project/CPU/ip_repo/DHT11_1.0</xilinx:tag>
        <xilinx:tag xilinx:name="ui.data.coregen.dd@4ef6375d_ARCHIVE_LOCATION">d:/Project/CPU/ip_repo/DHT11_1.0</xilinx:tag>
        <xilinx:tag xilinx:name="ui.data.coregen.dd@761974a9_ARCHIVE_LOCATION">d:/Project/CPU/ip_repo/DHT11_1.0</xilinx:tag>
        <xilinx:tag xilinx:name="ui.data.coregen.dd@4dc61f93_ARCHIVE_LOCATION">d:/Project/CPU/ip_repo/DHT11_1.0</xilinx:tag>
        <xilinx:tag xilinx:name="ui.data.coregen.dd@3cdfa2f_ARCHIVE_LOCATION">d:/Project/CPU/ip_repo/DHT11_1.0</xilinx:tag>
        <xilinx:tag xilinx:name="ui.data.coregen.dd@6133d049_ARCHIVE_LOCATION">d:/Project/CPU/ip_repo/DHT11_1.0</xilinx:tag>
        <xilinx:tag xilinx:name="ui.data.coregen.dd@340279ed_ARCHIVE_LOCATION">d:/Project/CPU/ip_repo/DHT11_1.0</xilinx:tag>
        <xilinx:tag xilinx:name="ui.data.coregen.dd@14b2205d_ARCHIVE_LOCATION">d:/Project/CPU/ip_repo/DHT11_1.0</xilinx:tag>
        <xilinx:tag xilinx:name="ui.data.coregen.dd@3b6cd488_ARCHIVE_LOCATION">d:/Project/CPU/ip_repo/DHT11_1.0</xilinx:tag>
        <xilinx:tag xilinx:name="ui.data.coregen.dd@707b357d_ARCHIVE_LOCATION">d:/Project/CPU/ip_repo/DHT11_1.0</xilinx:tag>
        <xilinx:tag xilinx:name="ui.data.coregen.dd@7038511a_ARCHIVE_LOCATION">d:/Project/CPU/ip_repo/DHT11_1.0</xilinx:tag>
        <xilinx:tag xilinx:name="ui.data.coregen.dd@5f4dce19_ARCHIVE_LOCATION">d:/Project/CPU/ip_repo/DHT11_1.0</xilinx:tag>
        <xilinx:tag xilinx:name="ui.data.coregen.dd@57c5a8c2_ARCHIVE_LOCATION">d:/Project/CPU/ip_repo/DHT11_1.0</xilinx:tag>
        <xilinx:tag xilinx:name="ui.data.coregen.dd@52dbde0e_ARCHIVE_LOCATION">d:/Project/CPU/ip_repo/DHT11_1.0</xilinx:tag>
        <xilinx:tag xilinx:name="ui.data.coregen.dd@7aa23b69_ARCHIVE_LOCATION">d:/Project/CPU/ip_repo/DHT11_1.0</xilinx:tag>
        <xilinx:tag xilinx:name="ui.data.coregen.dd@4c225d77_ARCHIVE_LOCATION">d:/Project/CPU/ip_repo/DHT11_1.0</xilinx:tag>
        <xilinx:tag xilinx:name="ui.data.coregen.dd@e1b7524_ARCHIVE_LOCATION">d:/Project/CPU/ip_repo/DHT11_1.0</xilinx:tag>
        <xilinx:tag xilinx:name="ui.data.coregen.dd@309a74cb_ARCHIVE_LOCATION">d:/Project/CPU/ip_repo/DHT11_1.0</xilinx:tag>
        <xilinx:tag xilinx:name="ui.data.coregen.dd@2a4b0100_ARCHIVE_LOCATION">d:/Project/CPU/ip_repo/DHT11_1.0</xilinx:tag>
        <xilinx:tag xilinx:name="ui.data.coregen.dd@2f55fa9b_ARCHIVE_LOCATION">d:/Project/CPU/ip_repo/DHT11_1.0</xilinx:tag>
        <xilinx:tag xilinx:name="ui.data.coregen.dd@73882de2_ARCHIVE_LOCATION">d:/Project/CPU/ip_repo/DHT11_1.0</xilinx:tag>
        <xilinx:tag xilinx:name="ui.data.coregen.dd@130b7146_ARCHIVE_LOCATION">d:/Project/CPU/ip_repo/DHT11_1.0</xilinx:tag>
        <xilinx:tag xilinx:name="ui.data.coregen.dd@87b448d_ARCHIVE_LOCATION">d:/Project/CPU/ip_repo/DHT11_1.0</xilinx:tag>
        <xilinx:tag xilinx:name="ui.data.coregen.dd@4b34e20e_ARCHIVE_LOCATION">d:/Project/CPU/ip_repo/DHT11_1.0</xilinx:tag>
        <xilinx:tag xilinx:name="ui.data.coregen.dd@d78249b_ARCHIVE_LOCATION">d:/Project/CPU/ip_repo/DHT11_1.0</xilinx:tag>
        <xilinx:tag xilinx:name="ui.data.coregen.dd@246674d2_ARCHIVE_LOCATION">d:/Project/CPU/ip_repo/DHT11_1.0</xilinx:tag>
        <xilinx:tag xilinx:name="ui.data.coregen.dd@46fd2186_ARCHIVE_LOCATION">d:/Project/CPU/ip_repo/DHT11_1.0</xilinx:tag>
        <xilinx:tag xilinx:name="ui.data.coregen.dd@5800b77f_ARCHIVE_LOCATION">d:/Project/CPU/ip_repo/DHT11_1.0</xilinx:tag>
        <xilinx:tag xilinx:name="ui.data.coregen.dd@663b7888_ARCHIVE_LOCATION">d:/Project/CPU/ip_repo/DHT11_1.0</xilinx:tag>
        <xilinx:tag xilinx:name="ui.data.coregen.dd@2df4650d_ARCHIVE_LOCATION">d:/Project/CPU/ip_repo/DHT11_1.0</xilinx:tag>
        <xilinx:tag xilinx:name="ui.data.coregen.dd@33367ca2_ARCHIVE_LOCATION">d:/Project/CPU/ip_repo/DHT11_1.0</xilinx:tag>
        <xilinx:tag xilinx:name="ui.data.coregen.dd@2eae1663_ARCHIVE_LOCATION">d:/Project/CPU/ip_repo/DHT11_1.0</xilinx:tag>
        <xilinx:tag xilinx:name="ui.data.coregen.dd@7778e35b_ARCHIVE_LOCATION">d:/Project/CPU/ip_repo/DHT11_1.0</xilinx:tag>
        <xilinx:tag xilinx:name="ui.data.coregen.dd@502b8cc7_ARCHIVE_LOCATION">d:/Project/CPU/ip_repo/DHT11_1.0</xilinx:tag>
        <xilinx:tag xilinx:name="ui.data.coregen.dd@c143775_ARCHIVE_LOCATION">d:/Project/CPU/ip_repo/DHT11_1.0</xilinx:tag>
        <xilinx:tag xilinx:name="ui.data.coregen.dd@4dc81db4_ARCHIVE_LOCATION">d:/Project/CPU/ip_repo/DHT11_1.0</xilinx:tag>
        <xilinx:tag xilinx:name="ui.data.coregen.dd@1f9b4f3c_ARCHIVE_LOCATION">d:/Project/CPU/ip_repo/DHT11_1.0</xilinx:tag>
        <xilinx:tag xilinx:name="ui.data.coregen.dd@427bb1f2_ARCHIVE_LOCATION">d:/Project/CPU/ip_repo/DHT11_1.0</xilinx:tag>
        <xilinx:tag xilinx:name="ui.data.coregen.dd@99a7494_ARCHIVE_LOCATION">d:/Project/CPU/ip_repo/DHT11_1.0</xilinx:tag>
        <xilinx:tag xilinx:name="ui.data.coregen.dd@29590de4_ARCHIVE_LOCATION">d:/Project/CPU/ip_repo/DHT11_1.0</xilinx:tag>
        <xilinx:tag xilinx:name="ui.data.coregen.dd@15503ae8_ARCHIVE_LOCATION">d:/Project/CPU/ip_repo/DHT11_1.0</xilinx:tag>
        <xilinx:tag xilinx:name="ui.data.coregen.dd@7c5603da_ARCHIVE_LOCATION">d:/Project/CPU/ip_repo/DHT11_1.0</xilinx:tag>
        <xilinx:tag xilinx:name="ui.data.coregen.dd@43571759_ARCHIVE_LOCATION">d:/Project/CPU/ip_repo/DHT11_1.0</xilinx:tag>
        <xilinx:tag xilinx:name="ui.data.coregen.dd@2929b956_ARCHIVE_LOCATION">d:/Project/CPU/ip_repo/DHT11_1.0</xilinx:tag>
        <xilinx:tag xilinx:name="ui.data.coregen.dd@11c02024_ARCHIVE_LOCATION">d:/Project/CPU/ip_repo/DHT11_1.0</xilinx:tag>
        <xilinx:tag xilinx:name="ui.data.coregen.dd@2c21fc1e_ARCHIVE_LOCATION">d:/Project/CPU/ip_repo/DHT11_1.0</xilinx:tag>
        <xilinx:tag xilinx:name="ui.data.coregen.dd@383b9e90_ARCHIVE_LOCATION">d:/Project/CPU/ip_repo/DHT11_1.0</xilinx:tag>
        <xilinx:tag xilinx:name="ui.data.coregen.dd@431fcd6e_ARCHIVE_LOCATION">d:/Project/CPU/ip_repo/DHT11_1.0</xilinx:tag>
        <xilinx:tag xilinx:name="ui.data.coregen.dd@1cd06fd8_ARCHIVE_LOCATION">d:/Project/CPU/ip_repo/DHT11_1.0</xilinx:tag>
        <xilinx:tag xilinx:name="ui.data.coregen.dd@627db211_ARCHIVE_LOCATION">d:/Project/CPU/ip_repo/DHT11_1.0</xilinx:tag>
        <xilinx:tag xilinx:name="ui.data.coregen.dd@2d2480a9_ARCHIVE_LOCATION">d:/Project/CPU/ip_repo/DHT11_1.0</xilinx:tag>
        <xilinx:tag xilinx:name="ui.data.coregen.dd@58a992fc_ARCHIVE_LOCATION">d:/Project/CPU/ip_repo/DHT11_1.0</xilinx:tag>
        <xilinx:tag xilinx:name="ui.data.coregen.dd@46c6f656_ARCHIVE_LOCATION">d:/Project/CPU/ip_repo/DHT11_1.0</xilinx:tag>
        <xilinx:tag xilinx:name="ui.data.coregen.dd@97f1c1_ARCHIVE_LOCATION">d:/Project/CPU/ip_repo/DHT11_1.0</xilinx:tag>
        <xilinx:tag xilinx:name="ui.data.coregen.dd@5bb3fa53_ARCHIVE_LOCATION">d:/Project/CPU/ip_repo/DHT11_1.0</xilinx:tag>
        <xilinx:tag xilinx:name="ui.data.coregen.dd@580a7eed_ARCHIVE_LOCATION">d:/Project/CPU/ip_repo/DHT11_1.0</xilinx:tag>
        <xilinx:tag xilinx:name="ui.data.coregen.dd@5bb17284_ARCHIVE_LOCATION">d:/Project/CPU/ip_repo/DHT11_1.0</xilinx:tag>
        <xilinx:tag xilinx:name="ui.data.coregen.dd@31762b27_ARCHIVE_LOCATION">d:/Project/CPU/ip_repo/DHT11_1.0</xilinx:tag>
        <xilinx:tag xilinx:name="ui.data.coregen.dd@7ab08e76_ARCHIVE_LOCATION">d:/Project/CPU/ip_repo/DHT11_1.0</xilinx:tag>
        <xilinx:tag xilinx:name="ui.data.coregen.dd@61493ee_ARCHIVE_LOCATION">d:/Project/CPU/ip_repo/DHT11_1.0</xilinx:tag>
        <xilinx:tag xilinx:name="ui.data.coregen.dd@38537284_ARCHIVE_LOCATION">d:/Project/CPU/ip_repo/DHT11_1.0</xilinx:tag>
        <xilinx:tag xilinx:name="ui.data.coregen.dd@6eead171_ARCHIVE_LOCATION">d:/Project/CPU/ip_repo/DHT11_1.0</xilinx:tag>
        <xilinx:tag xilinx:name="ui.data.coregen.dd@7b9db972_ARCHIVE_LOCATION">d:/Project/CPU/ip_repo/DHT11_1.0</xilinx:tag>
        <xilinx:tag xilinx:name="ui.data.coregen.dd@1dc67ec3_ARCHIVE_LOCATION">d:/Project/CPU/ip_repo/DHT11_1.0</xilinx:tag>
        <xilinx:tag xilinx:name="ui.data.coregen.dd@5f632af8_ARCHIVE_LOCATION">d:/Project/CPU/ip_repo/DHT11_1.0</xilinx:tag>
        <xilinx:tag xilinx:name="ui.data.coregen.dd@1e4bcbcb_ARCHIVE_LOCATION">d:/Project/CPU/ip_repo/DHT11_1.0</xilinx:tag>
        <xilinx:tag xilinx:name="ui.data.coregen.dd@27fa6821_ARCHIVE_LOCATION">d:/Project/CPU/ip_repo/DHT11_1.0</xilinx:tag>
        <xilinx:tag xilinx:name="ui.data.coregen.dd@5276bd09_ARCHIVE_LOCATION">d:/Project/CPU/ip_repo/DHT11_1.0</xilinx:tag>
        <xilinx:tag xilinx:name="ui.data.coregen.dd@46dae01a_ARCHIVE_LOCATION">d:/Project/CPU/ip_repo/DHT11_1.0</xilinx:tag>
        <xilinx:tag xilinx:name="ui.data.coregen.dd@10478a78_ARCHIVE_LOCATION">d:/Project/CPU/ip_repo/DHT11_1.0</xilinx:tag>
        <xilinx:tag xilinx:name="ui.data.coregen.dd@10a60e0e_ARCHIVE_LOCATION">d:/Project/CPU/ip_repo/DHT11_1.0</xilinx:tag>
        <xilinx:tag xilinx:name="ui.data.coregen.dd@6ec6d921_ARCHIVE_LOCATION">d:/Project/CPU/ip_repo/DHT11_1.0</xilinx:tag>
        <xilinx:tag xilinx:name="ui.data.coregen.dd@f489eb3_ARCHIVE_LOCATION">d:/Project/CPU/ip_repo/DHT11_1.0</xilinx:tag>
        <xilinx:tag xilinx:name="ui.data.coregen.dd@16b0f56_ARCHIVE_LOCATION">d:/Project/CPU/ip_repo/DHT11_1.0</xilinx:tag>
      </xilinx:tags>
    </xilinx:coreExtensions>
    <xilinx:packagingInfo>
      <xilinx:xilinxVersion>2020.2</xilinx:xilinxVersion>
      <xilinx:checksum xilinx:scope="busInterfaces" xilinx:value="616027be"/>
      <xilinx:checksum xilinx:scope="memoryMaps" xilinx:value="ed1368d5"/>
      <xilinx:checksum xilinx:scope="fileGroups" xilinx:value="bc70c580"/>
      <xilinx:checksum xilinx:scope="ports" xilinx:value="5b5afca2"/>
      <xilinx:checksum xilinx:scope="hdlParameters" xilinx:value="2e811c89"/>
      <xilinx:checksum xilinx:scope="parameters" xilinx:value="33c51695"/>
    </xilinx:packagingInfo>
  </spirit:vendorExtensions>
</spirit:component>
